activity,institution,source_id,experiment_id,member_id,candidate_ready,full_physics_ready,trackability,circulation_basis,pressure_levels_verified,has_mslp,has_surface_wind,has_precipitation,has_temperature,has_humidity,has_surface_pressure,historical_pair_available,grid_labels,first_period,last_period,available_fields,missing_for_candidate_tracking,remaining_preprocessing
CMIP,AS-RCEC,TaiESM1,abrupt-4xCO2,r1i1p1f1,False,False,incomplete,none,False,False,False,True,False,False,False,False,gn,001101010000,015012312100,3hr:pr,verified fixed-pressure ua+va or vo at 850/700/500 hPa|six-hourly-or-better psl,regional subset and common-grid standardisation|classification without native 10-m vector wind
CMIP,AS-RCEC,TaiESM1,amip,r1i1p1f1,False,False,incomplete,none,False,False,False,False,False,False,True,False,gn,197901010130,201412312230,3hr:ps,verified fixed-pressure ua+va or vo at 850/700/500 hPa|six-hourly-or-better psl,regional subset and common-grid standardisation|classification without native 10-m vector wind|precipitation diagnostics unavailable
CMIP,AS-RCEC,TaiESM1,historical,r1i1p1f1,False,False,candidate_fields_present_levels_unverified,6hrPlevPt:ua+va,False,True,False,True,True,True,True,False,gn,185001010000,201501010000,3hr:pr|3hr:ps|6hrLev:hus|6hrLev:ps|6hrLev:ta|6hrLev:ua|6hrLev:va|6hrPlev:hus|6hrPlev:pr|6hrPlev:psl|6hrPlevPt:hus|6hrPlevPt:psl|6hrPlevPt:ta|6hrPlevPt:ua|6hrPlevPt:va|6hrPlevPt:zg,verified fixed-pressure ua+va or vo at 850/700/500 hPa,regional subset and common-grid standardisation|classification without native 10-m vector wind
CMIP,AS-RCEC,TaiESM1,piControl,r1i1p1f1,False,False,candidate_fields_present_levels_unverified,6hrPlevPt:ua+va,False,True,False,True,True,False,False,False,gn,050101010000,070012312100,3hr:pr|6hrPlevPt:psl|6hrPlevPt:ta|6hrPlevPt:ua|6hrPlevPt:va,verified fixed-pressure ua+va or vo at 850/700/500 hPa,regional subset and common-grid standardisation|classification without native 10-m vector wind
CMIP,AWI,AWI-CM-1-1-MR,abrupt-4xCO2,r1i1p1f1,False,False,incomplete,none,False,False,False,True,False,False,False,False,gn,185001010130,200012312230,3hr:pr,verified fixed-pressure ua+va or vo at 850/700/500 hPa|six-hourly-or-better psl,regional subset and common-grid standardisation|classification without native 10-m vector wind
CMIP,AWI,AWI-CM-1-1-MR,historical,r1i1p1f1,False,False,incomplete,none,False,False,True,True,False,False,True,False,gn,185001010130,201501010000,3hr:pr|3hr:ps|3hr:uas|3hr:vas,verified fixed-pressure ua+va or vo at 850/700/500 hPa|six-hourly-or-better psl,regional subset and common-grid standardisation
CMIP,AWI,AWI-CM-1-1-MR,historical,r2i1p1f1,False,False,incomplete,none,False,False,True,True,False,False,True,False,gn,185001010130,201501010000,3hr:pr|3hr:ps|3hr:uas|3hr:vas,verified fixed-pressure ua+va or vo at 850/700/500 hPa|six-hourly-or-better psl,regional subset and common-grid standardisation
CMIP,AWI,AWI-CM-1-1-MR,historical,r3i1p1f1,False,False,incomplete,none,False,False,True,True,False,False,True,False,gn,185001010130,201501010000,3hr:pr|3hr:ps|3hr:uas|3hr:vas,verified fixed-pressure ua+va or vo at 850/700/500 hPa|six-hourly-or-better psl,regional subset and common-grid standardisation
CMIP,AWI,AWI-CM-1-1-MR,historical,r4i1p1f1,False,False,incomplete,none,False,False,True,True,False,False,True,False,gn,185001010130,201501010000,3hr:pr|3hr:ps|3hr:uas|3hr:vas,verified fixed-pressure ua+va or vo at 850/700/500 hPa|six-hourly-or-better psl,regional subset and common-grid standardisation
CMIP,AWI,AWI-CM-1-1-MR,piControl,r1i1p1f1,False,False,incomplete,none,False,False,True,True,False,False,False,False,gn,240101010130,290101010000,3hr:pr|3hr:uas|3hr:vas,verified fixed-pressure ua+va or vo at 850/700/500 hPa|six-hourly-or-better psl,regional subset and common-grid standardisation
CMIP,AWI,AWI-ESM-1-1-LR,historical,r1i1p1f1,True,True,candidate_ready,6hrPlevPt:ua+va,True,True,True,True,True,True,True,False,gn,185001010130,201501010000,3hr:pr|3hr:ps|3hr:uas|3hr:vas|6hrLev:hus|6hrLev:ps|6hrLev:ta|6hrLev:ua|6hrLev:va|6hrPlev:hus|6hrPlev:pr|6hrPlev:psl|6hrPlev:uas|6hrPlev:vas|6hrPlevPt:hus|6hrPlevPt:psl|6hrPlevPt:ta|6hrPlevPt:ua|6hrPlevPt:uas|6hrPlevPt:va|6hrPlevPt:vas|6hrPlevPt:zg,,regional subset and common-grid standardisation
CMIP,AWI,AWI-ESM-1-1-LR,piControl,r1i1p1f1,True,False,candidate_ready,6hrPlevPt:ua+va,True,True,True,True,True,False,False,True,gn,185501010130,195501010000,3hr:pr|3hr:uas|3hr:vas|6hrLev:ta|6hrLev:ua|6hrLev:va|6hrPlev:psl|6hrPlev:uas|6hrPlev:vas|6hrPlevPt:psl|6hrPlevPt:ta|6hrPlevPt:ua|6hrPlevPt:uas|6hrPlevPt:va|6hrPlevPt:vas|6hrPlevPt:zg,,regional subset and common-grid standardisation
CMIP,BCC,BCC-CSM2-MR,amip,r1i1p1f1,False,False,incomplete,none,False,False,False,False,True,False,True,False,gn,197901010000,201412312100,3hr:ps|6hrPlevPt:ta,verified fixed-pressure ua+va or vo at 850/700/500 hPa|six-hourly-or-better psl,regional subset and common-grid standardisation|classification without native 10-m vector wind|precipitation diagnostics unavailable
CMIP,BCC,BCC-CSM2-MR,amip,r2i1p1f1,False,False,incomplete,none,False,False,True,False,False,False,False,False,gn,197901010000,201412312100,3hr:uas|3hr:vas,verified fixed-pressure ua+va or vo at 850/700/500 hPa|six-hourly-or-better psl,regional subset and common-grid standardisation|precipitation diagnostics unavailable
CMIP,BCC,BCC-CSM2-MR,esm-hist,r1i1p1f1,False,False,candidate_fields_present_levels_unverified,6hrPlevPt:ua+va,False,True,False,True,True,False,True,False,gn,195001010000,201412312230,3hr:pr|3hr:ps|6hrLev:hus|6hrLev:ps|6hrLev:ta|6hrLev:ua|6hrLev:va|6hrPlevPt:psl|6hrPlevPt:ta|6hrPlevPt:ua|6hrPlevPt:va,verified fixed-pressure ua+va or vo at 850/700/500 hPa,regional subset and common-grid standardisation|classification without native 10-m vector wind
CMIP,BCC,BCC-CSM2-MR,historical,r1i1p1f1,False,False,candidate_fields_present_levels_unverified,6hrPlevPt:ua+va,False,True,True,True,True,False,True,False,gn,195001010000,201412312230,3hr:pr|3hr:ps|3hr:uas|3hr:vas|6hrLev:hus|6hrLev:ps|6hrLev:ta|6hrLev:ua|6hrLev:va|6hrPlevPt:psl|6hrPlevPt:ta|6hrPlevPt:ua|6hrPlevPt:va,verified fixed-pressure ua+va or vo at 850/700/500 hPa,regional subset and common-grid standardisation
CMIP,CAS,FGOALS-f3-L,historical,r1i1p1f1,False,False,candidate_fields_present_levels_unverified,6hrPlevPt:ua+va,False,True,False,False,True,False,True,False,gr,185001010130,201412312230,3hr:ps|6hrLev:hus|6hrLev:ps|6hrLev:ta|6hrLev:ua|6hrLev:va|6hrPlevPt:psl|6hrPlevPt:ta|6hrPlevPt:ua|6hrPlevPt:va,verified fixed-pressure ua+va or vo at 850/700/500 hPa,regional subset and common-grid standardisation|classification without native 10-m vector wind|precipitation diagnostics unavailable
CMIP,CAS,FGOALS-g3,abrupt-4xCO2,r1i1p1f1,False,False,incomplete,none,False,False,False,True,False,False,False,False,gn,055901010300,061412312100,6hrPlev:pr,verified fixed-pressure ua+va or vo at 850/700/500 hPa|six-hourly-or-better psl,regional subset and common-grid standardisation|classification without native 10-m vector wind
CMIP,CAS,FGOALS-g3,historical,r1i1p1f1,False,False,hybrid_levels_convertible,6hrLev:ua+va,False,True,False,True,False,True,True,False,gn,185001010130,201612312230,3hr:pr|3hr:ps|6hrLev:hus|6hrLev:ps|6hrLev:ta|6hrLev:ua|6hrLev:va|6hrPlev:hus|6hrPlev:pr|6hrPlev:psl,verified fixed-pressure ua+va or vo at 850/700/500 hPa,hybrid-to-pressure interpolation|regional subset and common-grid standardisation|classification without native 10-m vector wind
CMIP,CAS,FGOALS-g3,historical,r3i1p1f1,False,False,incomplete,none,False,False,False,False,False,False,False,False,gn,185001010300,201612312100,6hrLev:ta,verified fixed-pressure ua+va or vo at 850/700/500 hPa|six-hourly-or-better psl,regional subset and common-grid standardisation|classification without native 10-m vector wind|precipitation diagnostics unavailable
CMIP,CCCR-IITM,IITM-ESM,abrupt-4xCO2,r1i1p1f1,False,False,incomplete,none,False,False,False,True,False,False,False,False,gn,185001010130,201412312230,3hr:pr,verified fixed-pressure ua+va or vo at 850/700/500 hPa|six-hourly-or-better psl,regional subset and common-grid standardisation|classification without native 10-m vector wind
CMIP,CCCR-IITM,IITM-ESM,amip,r1i1p1f1,False,False,incomplete,none,False,False,False,False,False,False,False,False,gn,197901010600,201501010000,6hrLev:ta,verified fixed-pressure ua+va or vo at 850/700/500 hPa|six-hourly-or-better psl,regional subset and common-grid standardisation|classification without native 10-m vector wind|precipitation diagnostics unavailable
CMIP,CCCR-IITM,IITM-ESM,historical,r1i1p1f1,False,False,incomplete,none,False,True,True,True,False,False,False,False,gn,185001010130,201501010000,3hr:pr|3hr:uas|3hr:vas|6hrPlev:psl,verified fixed-pressure ua+va or vo at 850/700/500 hPa,regional subset and common-grid standardisation
CMIP,CCCR-IITM,IITM-ESM,piControl,r1i1p1f1,False,False,incomplete,none,False,False,True,True,False,False,False,False,gn,192601010130,212601010000,3hr:pr|3hr:uas|3hr:vas|6hrLev:ua|6hrLev:va,verified fixed-pressure ua+va or vo at 850/700/500 hPa|six-hourly-or-better psl,regional subset and common-grid standardisation
CMIP,CCCma,CanESM5,abrupt-4xCO2,r1i1p2f1,False,False,incomplete,none,False,False,False,True,False,False,False,False,gn,185001010130,200012312230,3hr:pr,verified fixed-pressure ua+va or vo at 850/700/500 hPa|six-hourly-or-better psl,regional subset and common-grid standardisation|classification without native 10-m vector wind
CMIP,CCCma,CanESM5,amip,r1i1p1f1,False,False,incomplete,none,False,False,False,True,False,False,True,False,gn,195001010000,201412312230,3hr:pr|3hr:ps,verified fixed-pressure ua+va or vo at 850/700/500 hPa|six-hourly-or-better psl,regional subset and common-grid standardisation|classification without native 10-m vector wind
CMIP,CCCma,CanESM5,amip,r1i1p2f1,False,False,incomplete,none,False,False,False,True,False,False,True,False,gn,195001010000,201412312230,3hr:pr|3hr:ps,verified fixed-pressure ua+va or vo at 850/700/500 hPa|six-hourly-or-better psl,regional subset and common-grid standardisation|classification without native 10-m vector wind
CMIP,CCCma,CanESM5,historical,r1i1p2f1,False,False,incomplete,none,False,False,True,True,False,False,True,False,gn,185001010000,201501010000,3hr:pr|3hr:ps|3hr:uas|3hr:vas|6hrLev:ps|6hrLev:ta|6hrLev:ua|6hrLev:va,verified fixed-pressure ua+va or vo at 850/700/500 hPa|six-hourly-or-better psl,regional subset and common-grid standardisation
CMIP,CCCma,CanESM5,piControl,r1i1p2f1,False,False,incomplete,none,False,False,False,True,False,False,False,False,gn,555001010130,571512312230,3hr:pr,verified fixed-pressure ua+va or vo at 850/700/500 hPa|six-hourly-or-better psl,regional subset and common-grid standardisation|classification without native 10-m vector wind
CMIP,CMCC,CMCC-CM2-HR4,historical,r1i1p1f1,True,False,candidate_ready,6hrPlevPt:ua+va,True,True,True,True,True,False,True,False,gn,185001010300,201501010000,6hrLev:ps|6hrLev:ta|6hrLev:ua|6hrLev:va|6hrPlev:pr|6hrPlev:psl|6hrPlev:uas|6hrPlev:vas|6hrPlevPt:psl|6hrPlevPt:ta|6hrPlevPt:ua|6hrPlevPt:va|6hrPlevPt:zg,,regional subset and common-grid standardisation
CMIP,CMCC,CMCC-CM2-SR5,abrupt-4xCO2,r1i1p1f1,False,False,incomplete,none,False,False,False,True,False,False,False,True,gn,185501010130,201412312230,3hr:pr,verified fixed-pressure ua+va or vo at 850/700/500 hPa|six-hourly-or-better psl,regional subset and common-grid standardisation|classification without native 10-m vector wind
CMIP,CMCC,CMCC-CM2-SR5,amip,r1i1p1f1,False,False,incomplete,none,False,False,True,False,True,False,True,True,gn,197901010300,201501010000,3hr:ps|3hr:uas|3hr:vas|6hrLev:ps|6hrLev:ta|6hrPlev:uas|6hrPlev:vas|6hrPlevPt:ta,verified fixed-pressure ua+va or vo at 850/700/500 hPa|six-hourly-or-better psl,regional subset and common-grid standardisation|precipitation diagnostics unavailable
CMIP,CMCC,CMCC-CM2-SR5,historical,r1i1p1f1,True,False,candidate_ready,6hrPlevPt:ua+va,True,True,True,True,True,False,True,False,gn,185001010130,201501010000,3hr:pr|3hr:ps|3hr:uas|3hr:vas|6hrLev:hus|6hrLev:ps|6hrLev:ta|6hrLev:ua|6hrLev:va|6hrPlev:pr|6hrPlev:psl|6hrPlev:uas|6hrPlev:vas|6hrPlevPt:psl|6hrPlevPt:ta|6hrPlevPt:ua|6hrPlevPt:va|6hrPlevPt:zg,,regional subset and common-grid standardisation
CMIP,CMCC,CMCC-CM2-SR5,piControl,r1i1p1f1,True,False,candidate_ready,6hrPlevPt:ua+va,True,True,True,True,True,False,False,True,gn,185001010130,235001010000,3hr:pr|3hr:uas|3hr:vas|6hrLev:ta|6hrLev:ua|6hrLev:va|6hrPlev:psl|6hrPlev:uas|6hrPlev:vas|6hrPlevPt:psl|6hrPlevPt:ta|6hrPlevPt:ua|6hrPlevPt:va|6hrPlevPt:zg,,regional subset and common-grid standardisation
CMIP,CMCC,CMCC-ESM2,abrupt-4xCO2,r1i1p1f1,False,False,incomplete,none,False,False,False,True,False,False,False,True,gn,185001010130,201412312230,3hr:pr,verified fixed-pressure ua+va or vo at 850/700/500 hPa|six-hourly-or-better psl,regional subset and common-grid standardisation|classification without native 10-m vector wind
CMIP,CMCC,CMCC-ESM2,historical,r1i1p1f1,True,False,candidate_ready,6hrPlevPt:ua+va,True,True,True,True,True,False,True,False,gn,185001010130,201501010000,3hr:pr|3hr:ps|3hr:uas|3hr:vas|6hrLev:hus|6hrLev:ps|6hrLev:ta|6hrLev:ua|6hrLev:va|6hrPlev:pr|6hrPlev:psl|6hrPlev:uas|6hrPlev:vas|6hrPlevPt:psl|6hrPlevPt:ta|6hrPlevPt:ua|6hrPlevPt:va|6hrPlevPt:zg,,regional subset and common-grid standardisation
CMIP,CMCC,CMCC-ESM2,piControl,r1i1p1f1,True,False,candidate_ready,6hrPlevPt:ua+va,True,True,True,True,False,False,False,True,gn,185001010130,235001010000,3hr:pr|3hr:uas|3hr:vas|6hrLev:ua|6hrLev:va|6hrPlev:psl|6hrPlev:uas|6hrPlev:vas|6hrPlevPt:psl|6hrPlevPt:ua|6hrPlevPt:va|6hrPlevPt:zg,,regional subset and common-grid standardisation
CMIP,CNRM-CERFACS,CNRM-CM6-1,1pctCO2,r1i1p1f2,False,False,incomplete,none,False,False,False,True,False,False,False,True,gr,197001010130,199912312230,3hr:pr,verified fixed-pressure ua+va or vo at 850/700/500 hPa|six-hourly-or-better psl,regional subset and common-grid standardisation|classification without native 10-m vector wind
CMIP,CNRM-CERFACS,CNRM-CM6-1,abrupt-4xCO2,r1i1p1f2,False,False,incomplete,none,False,False,False,True,False,False,False,True,gr,185001010130,194912312230,3hr:pr,verified fixed-pressure ua+va or vo at 850/700/500 hPa|six-hourly-or-better psl,regional subset and common-grid standardisation|classification without native 10-m vector wind
CMIP,CNRM-CERFACS,CNRM-CM6-1,abrupt-4xCO2,r2i1p1f2,False,False,incomplete,none,False,False,False,True,False,False,False,False,gr,185003010130,185412312230,3hr:pr,verified fixed-pressure ua+va or vo at 850/700/500 hPa|six-hourly-or-better psl,regional subset and common-grid standardisation|classification without native 10-m vector wind
CMIP,CNRM-CERFACS,CNRM-CM6-1,abrupt-4xCO2,r3i1p1f2,False,False,incomplete,none,False,False,False,True,False,False,False,False,gr,185005010130,185412312230,3hr:pr,verified fixed-pressure ua+va or vo at 850/700/500 hPa|six-hourly-or-better psl,regional subset and common-grid standardisation|classification without native 10-m vector wind
CMIP,CNRM-CERFACS,CNRM-CM6-1,abrupt-4xCO2,r4i1p1f2,False,False,incomplete,none,False,False,False,True,False,False,False,False,gr,185007010130,185412312230,3hr:pr,verified fixed-pressure ua+va or vo at 850/700/500 hPa|six-hourly-or-better psl,regional subset and common-grid standardisation|classification without native 10-m vector wind
CMIP,CNRM-CERFACS,CNRM-CM6-1,abrupt-4xCO2,r5i1p1f2,False,False,incomplete,none,False,False,False,True,False,False,False,False,gr,185009010130,185412312230,3hr:pr,verified fixed-pressure ua+va or vo at 850/700/500 hPa|six-hourly-or-better psl,regional subset and common-grid standardisation|classification without native 10-m vector wind
CMIP,CNRM-CERFACS,CNRM-CM6-1,abrupt-4xCO2,r6i1p1f2,False,False,incomplete,none,False,False,False,True,False,False,False,False,gr,185011010130,185412312230,3hr:pr,verified fixed-pressure ua+va or vo at 850/700/500 hPa|six-hourly-or-better psl,regional subset and common-grid standardisation|classification without native 10-m vector wind
CMIP,CNRM-CERFACS,CNRM-CM6-1,amip,r1i1p1f2,False,False,incomplete,none,False,True,True,True,False,True,True,True,gr,197901010130,201501010000,3hr:pr|3hr:ps|3hr:uas|3hr:vas|6hrLev:ps|6hrPlev:hus|6hrPlevPt:hus|6hrPlevPt:psl|6hrPlevPt:uas|6hrPlevPt:vas|6hrPlevPt:zg,verified fixed-pressure ua+va or vo at 850/700/500 hPa,regional subset and common-grid standardisation
CMIP,CNRM-CERFACS,CNRM-CM6-1,historical,r1i1p1f2,False,False,hybrid_levels_convertible,6hrLev:ua+va,False,True,True,True,False,True,True,False,gr,185001010130,201501010000,3hr:pr|3hr:ps|3hr:uas|3hr:vas|6hrLev:hus|6hrLev:ps|6hrLev:ta|6hrLev:ua|6hrLev:va|6hrPlev:hus|6hrPlevPt:hus|6hrPlevPt:psl|6hrPlevPt:uas|6hrPlevPt:vas|6hrPlevPt:zg,verified fixed-pressure ua+va or vo at 850/700/500 hPa,hybrid-to-pressure interpolation|regional subset and common-grid standardisation
CMIP,CNRM-CERFACS,CNRM-CM6-1,historical,r2i1p1f2,False,False,hybrid_levels_convertible,6hrLev:ua+va,False,True,True,True,False,True,True,False,gr,185001010130,201501010000,3hr:pr|3hr:ps|3hr:uas|3hr:vas|6hrLev:hus|6hrLev:ps|6hrLev:ta|6hrLev:ua|6hrLev:va|6hrPlev:hus|6hrPlevPt:hus|6hrPlevPt:psl|6hrPlevPt:uas|6hrPlevPt:vas|6hrPlevPt:zg,verified fixed-pressure ua+va or vo at 850/700/500 hPa,hybrid-to-pressure interpolation|regional subset and common-grid standardisation
CMIP,CNRM-CERFACS,CNRM-CM6-1,historical,r3i1p1f2,False,False,hybrid_levels_convertible,6hrLev:ua+va,False,True,True,True,False,True,True,False,gr,185001010130,201501010000,3hr:pr|3hr:ps|3hr:uas|3hr:vas|6hrLev:hus|6hrLev:ps|6hrLev:ta|6hrLev:ua|6hrLev:va|6hrPlev:hus|6hrPlevPt:hus|6hrPlevPt:psl|6hrPlevPt:uas|6hrPlevPt:vas|6hrPlevPt:zg,verified fixed-pressure ua+va or vo at 850/700/500 hPa,hybrid-to-pressure interpolation|regional subset and common-grid standardisation
CMIP,CNRM-CERFACS,CNRM-CM6-1-HR,amip,r1i1p1f2,False,False,incomplete,none,False,False,True,False,False,False,True,True,gr,197901010300,201501010000,3hr:ps|3hr:uas|3hr:vas|6hrLev:ps,verified fixed-pressure ua+va or vo at 850/700/500 hPa|six-hourly-or-better psl,regional subset and common-grid standardisation|precipitation diagnostics unavailable
CMIP,CNRM-CERFACS,CNRM-CM6-1-HR,historical,r1i1p1f2,True,False,candidate_ready,6hrPlevPt:ua+va,True,True,True,True,True,False,True,False,gr,195001010130,201501010000,3hr:pr|3hr:uas|3hr:vas|6hrLev:ps|6hrPlevPt:psl|6hrPlevPt:ta|6hrPlevPt:ua|6hrPlevPt:va,,regional subset and common-grid standardisation
CMIP,CNRM-CERFACS,CNRM-ESM2-1,1pctCO2,r1i1p1f2,False,False,incomplete,none,False,False,False,True,False,False,False,False,gr,197001010130,199912312230,3hr:pr,verified fixed-pressure ua+va or vo at 850/700/500 hPa|six-hourly-or-better psl,regional subset and common-grid standardisation|classification without native 10-m vector wind
CMIP,CNRM-CERFACS,CNRM-ESM2-1,1pctCO2,r2i1p1f2,False,False,incomplete,none,False,False,False,True,False,False,False,False,gr,197001010130,199912312230,3hr:pr,verified fixed-pressure ua+va or vo at 850/700/500 hPa|six-hourly-or-better psl,regional subset and common-grid standardisation|classification without native 10-m vector wind
CMIP,CNRM-CERFACS,CNRM-ESM2-1,1pctCO2,r3i1p1f2,False,False,incomplete,none,False,False,False,True,False,False,False,False,gr,197001010130,199912312230,3hr:pr,verified fixed-pressure ua+va or vo at 850/700/500 hPa|six-hourly-or-better psl,regional subset and common-grid standardisation|classification without native 10-m vector wind
CMIP,CNRM-CERFACS,CNRM-ESM2-1,abrupt-4xCO2,r3i1p1f2,False,False,incomplete,none,False,False,False,True,False,False,False,False,gr,185001010130,199912312230,3hr:pr,verified fixed-pressure ua+va or vo at 850/700/500 hPa|six-hourly-or-better psl,regional subset and common-grid standardisation|classification without native 10-m vector wind
CMIP,CNRM-CERFACS,CNRM-ESM2-1,amip,r1i1p1f2,False,False,incomplete,none,False,False,True,True,False,False,True,False,gr,197901010130,201501010000,3hr:pr|3hr:ps|3hr:uas|3hr:vas|6hrLev:ps|6hrLev:ta|6hrPlevPt:uas|6hrPlevPt:vas,verified fixed-pressure ua+va or vo at 850/700/500 hPa|six-hourly-or-better psl,regional subset and common-grid standardisation
CMIP,CNRM-CERFACS,CNRM-ESM2-1,historical,r1i1p1f2,False,False,hybrid_levels_convertible,6hrLev:ua+va,False,True,True,True,False,True,True,False,gr,185001010130,201501010000,3hr:pr|3hr:ps|3hr:uas|3hr:vas|6hrLev:hus|6hrLev:ps|6hrLev:ta|6hrLev:ua|6hrLev:va|6hrPlevPt:hus|6hrPlevPt:psl|6hrPlevPt:uas|6hrPlevPt:vas|6hrPlevPt:zg,verified fixed-pressure ua+va or vo at 850/700/500 hPa,hybrid-to-pressure interpolation|regional subset and common-grid standardisation
CMIP,CSIRO,ACCESS-ESM1-5,amip,r1i1p1f1,False,False,candidate_fields_present_levels_unverified,6hrPlevPt:ua+va,False,True,True,True,True,False,True,False,gn,197901010130,201501010000,3hr:pr|3hr:ps|3hr:uas|3hr:vas|6hrLev:hus|6hrLev:ps|6hrLev:ta|6hrLev:ua|6hrLev:va|6hrPlevPt:psl|6hrPlevPt:ta|6hrPlevPt:ua|6hrPlevPt:va,verified fixed-pressure ua+va or vo at 850/700/500 hPa,regional subset and common-grid standardisation
CMIP,CSIRO,ACCESS-ESM1-5,amip,r2i1p1f1,False,False,incomplete,none,False,False,True,False,False,False,False,False,gn,197901010300,201501010000,3hr:uas|3hr:vas,verified fixed-pressure ua+va or vo at 850/700/500 hPa|six-hourly-or-better psl,regional subset and common-grid standardisation|precipitation diagnostics unavailable
CMIP,CSIRO,ACCESS-ESM1-5,esm-hist,r1i1p1f1,False,False,incomplete,none,False,False,True,True,False,False,True,False,gn,196001010130,201501010000,3hr:pr|3hr:ps|3hr:uas|3hr:vas,verified fixed-pressure ua+va or vo at 850/700/500 hPa|six-hourly-or-better psl,regional subset and common-grid standardisation
CMIP,CSIRO,ACCESS-ESM1-5,esm-hist,r2i1p1f1,False,False,incomplete,none,False,False,False,True,False,False,True,False,gn,196001010130,201501010000,3hr:pr|3hr:ps,verified fixed-pressure ua+va or vo at 850/700/500 hPa|six-hourly-or-better psl,regional subset and common-grid standardisation|classification without native 10-m vector wind
CMIP,CSIRO,ACCESS-ESM1-5,esm-hist,r3i1p1f1,False,False,incomplete,none,False,False,False,True,False,False,True,False,gn,196001010130,201501010000,3hr:pr|3hr:ps,verified fixed-pressure ua+va or vo at 850/700/500 hPa|six-hourly-or-better psl,regional subset and common-grid standardisation|classification without native 10-m vector wind
CMIP,CSIRO,ACCESS-ESM1-5,historical,r1i1p1f1,False,False,candidate_fields_present_levels_unverified,6hrPlevPt:ua+va,False,True,True,True,True,False,True,False,gn,195001010300,201501010000,3hr:pr|3hr:ps|3hr:uas|3hr:vas|6hrLev:hus|6hrLev:ps|6hrLev:ta|6hrLev:ua|6hrLev:va|6hrPlevPt:psl|6hrPlevPt:ta|6hrPlevPt:ua|6hrPlevPt:va,verified fixed-pressure ua+va or vo at 850/700/500 hPa,regional subset and common-grid standardisation
CMIP,CSIRO,ACCESS-ESM1-5,historical,r2i1p1f1,False,False,incomplete,none,False,False,True,False,False,False,False,False,gn,196001010300,201501010000,3hr:uas|3hr:vas,verified fixed-pressure ua+va or vo at 850/700/500 hPa|six-hourly-or-better psl,regional subset and common-grid standardisation|precipitation diagnostics unavailable
CMIP,CSIRO,ACCESS-ESM1-5,piControl,r1i1p1f1,False,False,candidate_fields_present_levels_unverified,6hrPlevPt:ua+va,False,True,True,True,True,False,False,False,gn,029601010130,032601010000,3hr:pr|3hr:uas|3hr:vas|6hrPlevPt:psl|6hrPlevPt:ta|6hrPlevPt:ua|6hrPlevPt:va,verified fixed-pressure ua+va or vo at 850/700/500 hPa,regional subset and common-grid standardisation
CMIP,CSIRO-ARCCSS,ACCESS-CM2,amip,r1i1p1f1,False,False,candidate_fields_present_levels_unverified,6hrPlevPt:ua+va,False,True,True,True,True,False,True,False,gn,197901010130,201501010000,3hr:pr|3hr:ps|3hr:uas|3hr:vas|6hrLev:hus|6hrLev:ps|6hrLev:ua|6hrPlevPt:psl|6hrPlevPt:ta|6hrPlevPt:ua|6hrPlevPt:va,verified fixed-pressure ua+va or vo at 850/700/500 hPa,regional subset and common-grid standardisation
CMIP,CSIRO-ARCCSS,ACCESS-CM2,amip,r2i1p1f1,False,False,incomplete,none,False,False,True,False,False,False,False,False,gn,197901010300,201501010000,3hr:uas|3hr:vas,verified fixed-pressure ua+va or vo at 850/700/500 hPa|six-hourly-or-better psl,regional subset and common-grid standardisation|precipitation diagnostics unavailable
CMIP,CSIRO-ARCCSS,ACCESS-CM2,historical,r1i1p1f1,False,False,candidate_fields_present_levels_unverified,6hrPlevPt:ua+va,False,True,True,True,True,False,True,False,gn,195001010130,201501010000,3hr:pr|3hr:ps|3hr:uas|3hr:vas|6hrLev:hus|6hrLev:ps|6hrLev:ua|6hrLev:va|6hrPlevPt:psl|6hrPlevPt:ta|6hrPlevPt:ua|6hrPlevPt:va,verified fixed-pressure ua+va or vo at 850/700/500 hPa,regional subset and common-grid standardisation
CMIP,CSIRO-ARCCSS,ACCESS-CM2,piControl,r1i1p1f1,False,False,candidate_fields_present_levels_unverified,6hrPlevPt:ua+va,False,True,True,True,True,False,True,False,gn,108501010130,111501010000,3hr:pr|3hr:ps|3hr:uas|3hr:vas|6hrPlevPt:psl|6hrPlevPt:ta|6hrPlevPt:ua|6hrPlevPt:va,verified fixed-pressure ua+va or vo at 850/700/500 hPa,regional subset and common-grid standardisation
CMIP,E3SM-Project,E3SM-1-0,abrupt-4xCO2,r1i1p1f1,False,False,incomplete,none,False,False,False,True,False,False,False,False,gr,000101010130,015012312230,3hr:pr,verified fixed-pressure ua+va or vo at 850/700/500 hPa|six-hourly-or-better psl,regional subset and common-grid standardisation|classification without native 10-m vector wind
CMIP,EC-Earth-Consortium,EC-Earth3,amip,r1i1p1f1,False,False,candidate_fields_present_levels_unverified,6hrPlevPt:ua+va,False,True,False,False,False,False,True,False,gr,197901010000,201712312100,3hr:ps|6hrLev:ps|6hrPlevPt:psl|6hrPlevPt:ua|6hrPlevPt:va,verified fixed-pressure ua+va or vo at 850/700/500 hPa,regional subset and common-grid standardisation|classification without native 10-m vector wind|precipitation diagnostics unavailable
CMIP,EC-Earth-Consortium,EC-Earth3,historical,r1i1p1f1,False,False,candidate_fields_present_levels_unverified,6hrPlevPt:ua+va,False,True,True,True,True,False,True,False,gr,185001010000,201412312230,3hr:pr|3hr:ps|3hr:uas|3hr:vas|6hrLev:ps|6hrPlev:psl|6hrPlev:uas|6hrPlev:vas|6hrPlevPt:psl|6hrPlevPt:ta|6hrPlevPt:ua|6hrPlevPt:va|6hrPlevPt:zg,verified fixed-pressure ua+va or vo at 850/700/500 hPa,regional subset and common-grid standardisation
CMIP,EC-Earth-Consortium,EC-Earth3,historical,r3i1p1f1,False,False,incomplete,none,False,False,False,True,False,False,False,False,gr,185001010130,201412312230,3hr:pr,verified fixed-pressure ua+va or vo at 850/700/500 hPa|six-hourly-or-better psl,regional subset and common-grid standardisation|classification without native 10-m vector wind
CMIP,EC-Earth-Consortium,EC-Earth3,historical,r4i1p1f1,False,False,incomplete,none,False,False,False,True,False,False,False,False,gr,185001010130,201412312230,3hr:pr,verified fixed-pressure ua+va or vo at 850/700/500 hPa|six-hourly-or-better psl,regional subset and common-grid standardisation|classification without native 10-m vector wind
CMIP,EC-Earth-Consortium,EC-Earth3,historical,r6i1p1f1,False,False,incomplete,none,False,False,False,True,False,False,False,False,gr,185001010130,201412311930,3hr:pr,verified fixed-pressure ua+va or vo at 850/700/500 hPa|six-hourly-or-better psl,regional subset and common-grid standardisation|classification without native 10-m vector wind
CMIP,EC-Earth-Consortium,EC-Earth3,historical,r9i1p1f1,False,False,incomplete,none,False,False,False,True,False,False,False,False,gr,185001010130,201412311930,3hr:pr,verified fixed-pressure ua+va or vo at 850/700/500 hPa|six-hourly-or-better psl,regional subset and common-grid standardisation|classification without native 10-m vector wind
CMIP,EC-Earth-Consortium,EC-Earth3,piControl,r1i1p1f1,True,False,candidate_ready,6hrPlevPt:ua+va,True,True,True,True,True,False,False,False,gr,225901010000,275912312100,3hr:pr|3hr:uas|3hr:vas|6hrPlevPt:psl|6hrPlevPt:ta|6hrPlevPt:ua|6hrPlevPt:va|6hrPlevPt:zg,,regional subset and common-grid standardisation
CMIP,EC-Earth-Consortium,EC-Earth3,piControl,r2i1p1f1,False,False,incomplete,none,False,False,False,False,True,False,False,False,gr,210301010000,270612311800,6hrPlevPt:ta,verified fixed-pressure ua+va or vo at 850/700/500 hPa|six-hourly-or-better psl,regional subset and common-grid standardisation|classification without native 10-m vector wind|precipitation diagnostics unavailable
CMIP,EC-Earth-Consortium,EC-Earth3-AerChem,abrupt-4xCO2,r1i1p1f1,False,False,incomplete,none,False,False,False,True,False,False,False,False,gr,185001010130,199912312230,3hr:pr,verified fixed-pressure ua+va or vo at 850/700/500 hPa|six-hourly-or-better psl,regional subset and common-grid standardisation|classification without native 10-m vector wind
CMIP,EC-Earth-Consortium,EC-Earth3-AerChem,amip,r1i1p1f1,False,False,incomplete,none,False,False,False,False,False,False,True,False,gr,197901010000,201812312100,3hr:ps,verified fixed-pressure ua+va or vo at 850/700/500 hPa|six-hourly-or-better psl,regional subset and common-grid standardisation|classification without native 10-m vector wind|precipitation diagnostics unavailable
CMIP,EC-Earth-Consortium,EC-Earth3-AerChem,historical,r1i1p1f1,False,False,candidate_fields_present_levels_unverified,6hrPlevPt:ua+va,False,True,True,True,True,False,True,False,gr,185001010000,201412312230,3hr:pr|3hr:ps|3hr:uas|3hr:vas|6hrPlevPt:psl|6hrPlevPt:ta|6hrPlevPt:ua|6hrPlevPt:va,verified fixed-pressure ua+va or vo at 850/700/500 hPa,regional subset and common-grid standardisation
CMIP,EC-Earth-Consortium,EC-Earth3-CC,historical,r1i1p1f1,False,False,candidate_fields_present_levels_unverified,6hrPlevPt:ua+va,False,True,False,False,True,False,True,False,gr,185001010000,201412311800,6hrLev:ps|6hrPlevPt:psl|6hrPlevPt:ta|6hrPlevPt:ua|6hrPlevPt:va,verified fixed-pressure ua+va or vo at 850/700/500 hPa,regional subset and common-grid standardisation|classification without native 10-m vector wind|precipitation diagnostics unavailable
CMIP,EC-Earth-Consortium,EC-Earth3-CC,piControl,r1i1p1f1,False,False,candidate_fields_present_levels_unverified,6hrPlevPt:ua+va,False,True,False,False,False,False,False,False,gr,185001010000,235412311800,6hrPlevPt:psl|6hrPlevPt:ua|6hrPlevPt:va,verified fixed-pressure ua+va or vo at 850/700/500 hPa,regional subset and common-grid standardisation|classification without native 10-m vector wind|precipitation diagnostics unavailable
CMIP,EC-Earth-Consortium,EC-Earth3-LR,piControl,r1i1p1f1,True,False,candidate_ready,6hrPlevPt:ua+va,True,True,False,False,True,False,False,False,gr,221901010000,241912311800,6hrPlevPt:psl|6hrPlevPt:ta|6hrPlevPt:ua|6hrPlevPt:va|6hrPlevPt:zg,,regional subset and common-grid standardisation|classification without native 10-m vector wind|precipitation diagnostics unavailable
CMIP,EC-Earth-Consortium,EC-Earth3-Veg,abrupt-4xCO2,r1i1p1f1,False,False,incomplete,none,False,False,False,True,False,False,False,False,gr,185001010130,200012312230,3hr:pr,verified fixed-pressure ua+va or vo at 850/700/500 hPa|six-hourly-or-better psl,regional subset and common-grid standardisation|classification without native 10-m vector wind
CMIP,EC-Earth-Consortium,EC-Earth3-Veg,piControl,r1i1p1f1,False,False,candidate_fields_present_levels_unverified,6hrPlevPt:ua+va,False,True,True,True,True,False,False,False,gr,185001010000,234912312230,3hr:pr|3hr:uas|3hr:vas|6hrPlevPt:psl|6hrPlevPt:ta|6hrPlevPt:ua|6hrPlevPt:va,verified fixed-pressure ua+va or vo at 850/700/500 hPa,regional subset and common-grid standardisation
CMIP,EC-Earth-Consortium,EC-Earth3-Veg-LR,historical,r1i1p1f1,False,False,candidate_fields_present_levels_unverified,6hrPlevPt:ua+va,False,True,True,True,True,False,True,False,gr,185001010000,201412312230,3hr:pr|3hr:ps|3hr:uas|3hr:vas|6hrLev:ps|6hrPlevPt:psl|6hrPlevPt:ta|6hrPlevPt:ua|6hrPlevPt:va,verified fixed-pressure ua+va or vo at 850/700/500 hPa,regional subset and common-grid standardisation
CMIP,EC-Earth-Consortium,EC-Earth3-Veg-LR,piControl,r1i1p1f1,False,False,candidate_fields_present_levels_unverified,6hrPlevPt:ua+va,False,True,True,True,True,False,False,False,gr,230001010000,280012312230,3hr:pr|3hr:uas|3hr:vas|6hrPlevPt:psl|6hrPlevPt:ta|6hrPlevPt:ua|6hrPlevPt:va,verified fixed-pressure ua+va or vo at 850/700/500 hPa,regional subset and common-grid standardisation
CMIP,HAMMOZ-Consortium,MPI-ESM-1-2-HAM,abrupt-4xCO2,r1i1p1f1,False,False,incomplete,none,False,False,False,True,False,False,False,True,gn,185001010130,199912312230,3hr:pr|6hrPlev:pr,verified fixed-pressure ua+va or vo at 850/700/500 hPa|six-hourly-or-better psl,regional subset and common-grid standardisation|classification without native 10-m vector wind
CMIP,HAMMOZ-Consortium,MPI-ESM-1-2-HAM,amip,r1i1p1f1,False,False,incomplete,none,False,False,False,False,True,False,True,True,gn,197901010300,201501010000,3hr:ps|6hrLev:ps|6hrLev:ta|6hrPlevPt:ta,verified fixed-pressure ua+va or vo at 850/700/500 hPa|six-hourly-or-better psl,regional subset and common-grid standardisation|classification without native 10-m vector wind|precipitation diagnostics unavailable
CMIP,HAMMOZ-Consortium,MPI-ESM-1-2-HAM,historical,r1i1p1f1,True,True,candidate_ready,6hrPlevPt:ua+va,True,True,True,True,True,True,True,False,gn,185001010130,201501010000,3hr:pr|3hr:ps|3hr:uas|3hr:vas|6hrLev:hus|6hrLev:ps|6hrLev:ta|6hrLev:ua|6hrLev:va|6hrPlev:pr|6hrPlev:psl|6hrPlev:uas|6hrPlev:vas|6hrPlevPt:hus|6hrPlevPt:psl|6hrPlevPt:ta|6hrPlevPt:ua|6hrPlevPt:uas|6hrPlevPt:va|6hrPlevPt:vas|6hrPlevPt:zg,,regional subset and common-grid standardisation
CMIP,HAMMOZ-Consortium,MPI-ESM-1-2-HAM,historical,r2i1p1f1,False,False,incomplete,none,False,False,True,False,False,False,False,False,gn,185001010300,201501010000,3hr:uas|3hr:vas|6hrPlevPt:uas|6hrPlevPt:vas,verified fixed-pressure ua+va or vo at 850/700/500 hPa|six-hourly-or-better psl,regional subset and common-grid standardisation|precipitation diagnostics unavailable
CMIP,HAMMOZ-Consortium,MPI-ESM-1-2-HAM,piControl,r1i1p1f1,True,False,candidate_ready,6hrPlevPt:ua+va,True,True,True,True,False,False,False,True,gn,185001010130,285001010000,3hr:pr|3hr:uas|3hr:vas|6hrPlev:pr|6hrPlev:psl|6hrPlev:uas|6hrPlev:vas|6hrPlevPt:psl|6hrPlevPt:ua|6hrPlevPt:uas|6hrPlevPt:va|6hrPlevPt:vas|6hrPlevPt:zg,,regional subset and common-grid standardisation
CMIP,IPSL,IPSL-CM5A2-INCA,abrupt-4xCO2,r1i1p1f1,False,False,incomplete,none,False,False,False,True,False,False,False,False,gr,185001010130,199912312230,3hr:pr,verified fixed-pressure ua+va or vo at 850/700/500 hPa|six-hourly-or-better psl,regional subset and common-grid standardisation|classification without native 10-m vector wind
CMIP,IPSL,IPSL-CM5A2-INCA,piControl,r1i1p1f1,True,False,candidate_ready,6hrPlevPt:ua+va,True,True,True,False,False,False,False,False,gr,187001010600,210001010000,6hrLev:ua|6hrLev:va|6hrPlevPt:psl|6hrPlevPt:ua|6hrPlevPt:uas|6hrPlevPt:va|6hrPlevPt:vas,,regional subset and common-grid standardisation|precipitation diagnostics unavailable
CMIP,IPSL,IPSL-CM6A-LR,1pctCO2,r1i1p1f1,False,False,incomplete,none,False,False,False,True,False,False,False,True,gr,197001010130,199912312230,3hr:pr,verified fixed-pressure ua+va or vo at 850/700/500 hPa|six-hourly-or-better psl,regional subset and common-grid standardisation|classification without native 10-m vector wind
CMIP,IPSL,IPSL-CM6A-LR,abrupt-4xCO2,r10i1p1f1,False,False,incomplete,none,False,False,False,True,False,False,False,False,gr,185010010130,185412312230,3hr:pr,verified fixed-pressure ua+va or vo at 850/700/500 hPa|six-hourly-or-better psl,regional subset and common-grid standardisation|classification without native 10-m vector wind
CMIP,IPSL,IPSL-CM6A-LR,abrupt-4xCO2,r11i1p1f1,False,False,incomplete,none,False,False,False,True,False,False,False,False,gr,185011010130,185412312230,3hr:pr,verified fixed-pressure ua+va or vo at 850/700/500 hPa|six-hourly-or-better psl,regional subset and common-grid standardisation|classification without native 10-m vector wind
CMIP,IPSL,IPSL-CM6A-LR,abrupt-4xCO2,r12i1p1f1,False,False,incomplete,none,False,False,False,True,False,False,False,False,gr,185012010130,185412312230,3hr:pr,verified fixed-pressure ua+va or vo at 850/700/500 hPa|six-hourly-or-better psl,regional subset and common-grid standardisation|classification without native 10-m vector wind
CMIP,IPSL,IPSL-CM6A-LR,abrupt-4xCO2,r1i1p1f1,False,False,incomplete,none,False,False,False,True,False,False,False,True,gr,185001010130,199912312230,3hr:pr,verified fixed-pressure ua+va or vo at 850/700/500 hPa|six-hourly-or-better psl,regional subset and common-grid standardisation|classification without native 10-m vector wind
CMIP,IPSL,IPSL-CM6A-LR,abrupt-4xCO2,r2i1p1f1,False,False,incomplete,none,False,False,False,True,False,False,False,True,gr,185002010130,185412312230,3hr:pr,verified fixed-pressure ua+va or vo at 850/700/500 hPa|six-hourly-or-better psl,regional subset and common-grid standardisation|classification without native 10-m vector wind
CMIP,IPSL,IPSL-CM6A-LR,abrupt-4xCO2,r3i1p1f1,False,False,incomplete,none,False,False,False,True,False,False,False,False,gr,185003010130,185412312230,3hr:pr,verified fixed-pressure ua+va or vo at 850/700/500 hPa|six-hourly-or-better psl,regional subset and common-grid standardisation|classification without native 10-m vector wind
CMIP,IPSL,IPSL-CM6A-LR,abrupt-4xCO2,r4i1p1f1,False,False,incomplete,none,False,False,False,True,False,False,False,True,gr,185004010130,185412312230,3hr:pr,verified fixed-pressure ua+va or vo at 850/700/500 hPa|six-hourly-or-better psl,regional subset and common-grid standardisation|classification without native 10-m vector wind
CMIP,IPSL,IPSL-CM6A-LR,abrupt-4xCO2,r5i1p1f1,False,False,incomplete,none,False,False,False,True,False,False,False,True,gr,185005010130,185412312230,3hr:pr,verified fixed-pressure ua+va or vo at 850/700/500 hPa|six-hourly-or-better psl,regional subset and common-grid standardisation|classification without native 10-m vector wind
CMIP,IPSL,IPSL-CM6A-LR,abrupt-4xCO2,r6i1p1f1,False,False,incomplete,none,False,False,False,True,False,False,False,True,gr,185006010130,185412312230,3hr:pr,verified fixed-pressure ua+va or vo at 850/700/500 hPa|six-hourly-or-better psl,regional subset and common-grid standardisation|classification without native 10-m vector wind
CMIP,IPSL,IPSL-CM6A-LR,abrupt-4xCO2,r7i1p1f1,False,False,incomplete,none,False,False,False,True,False,False,False,True,gr,185007010130,185412312230,3hr:pr,verified fixed-pressure ua+va or vo at 850/700/500 hPa|six-hourly-or-better psl,regional subset and common-grid standardisation|classification without native 10-m vector wind
CMIP,IPSL,IPSL-CM6A-LR,abrupt-4xCO2,r8i1p1f1,False,False,incomplete,none,False,False,False,True,False,False,False,True,gr,185008010130,185412312230,3hr:pr,verified fixed-pressure ua+va or vo at 850/700/500 hPa|six-hourly-or-better psl,regional subset and common-grid standardisation|classification without native 10-m vector wind
CMIP,IPSL,IPSL-CM6A-LR,abrupt-4xCO2,r9i1p1f1,False,False,incomplete,none,False,False,False,True,False,False,False,True,gr,185009010130,185412312230,3hr:pr,verified fixed-pressure ua+va or vo at 850/700/500 hPa|six-hourly-or-better psl,regional subset and common-grid standardisation|classification without native 10-m vector wind
CMIP,IPSL,IPSL-CM6A-LR,amip,r10i1p1f1,False,False,incomplete,none,False,False,False,True,False,False,False,False,gr,195801010130,201412312230,3hr:pr,verified fixed-pressure ua+va or vo at 850/700/500 hPa|six-hourly-or-better psl,regional subset and common-grid standardisation|classification without native 10-m vector wind
CMIP,IPSL,IPSL-CM6A-LR,amip,r11i1p1f1,False,False,incomplete,none,False,False,False,True,False,False,False,False,gr,195801010130,201412312230,3hr:pr,verified fixed-pressure ua+va or vo at 850/700/500 hPa|six-hourly-or-better psl,regional subset and common-grid standardisation|classification without native 10-m vector wind
CMIP,IPSL,IPSL-CM6A-LR,amip,r1i1p1f1,False,False,incomplete,none,False,False,True,True,True,False,True,True,gr,197901010130,201801010000,3hr:pr|3hr:ps|3hr:uas|3hr:vas|6hrLev:ps|6hrLev:ta|6hrPlevPt:ta|6hrPlevPt:uas|6hrPlevPt:vas,verified fixed-pressure ua+va or vo at 850/700/500 hPa|six-hourly-or-better psl,regional subset and common-grid standardisation
CMIP,IPSL,IPSL-CM6A-LR,amip,r2i1p1f1,False,False,incomplete,none,False,False,True,True,False,False,False,True,gr,195801010130,201501010000,3hr:pr|3hr:uas|3hr:vas|6hrPlevPt:uas|6hrPlevPt:vas,verified fixed-pressure ua+va or vo at 850/700/500 hPa|six-hourly-or-better psl,regional subset and common-grid standardisation
CMIP,IPSL,IPSL-CM6A-LR,amip,r3i1p1f1,False,False,incomplete,none,False,False,False,True,False,False,False,False,gr,195801010130,201412312230,3hr:pr,verified fixed-pressure ua+va or vo at 850/700/500 hPa|six-hourly-or-better psl,regional subset and common-grid standardisation|classification without native 10-m vector wind
CMIP,IPSL,IPSL-CM6A-LR,amip,r4i1p1f1,False,False,incomplete,none,False,False,False,True,False,False,False,True,gr,195801010130,201412312230,3hr:pr,verified fixed-pressure ua+va or vo at 850/700/500 hPa|six-hourly-or-better psl,regional subset and common-grid standardisation|classification without native 10-m vector wind
CMIP,IPSL,IPSL-CM6A-LR,amip,r5i1p1f1,False,False,incomplete,none,False,False,False,True,False,False,False,True,gr,195801010130,201412312230,3hr:pr,verified fixed-pressure ua+va or vo at 850/700/500 hPa|six-hourly-or-better psl,regional subset and common-grid standardisation|classification without native 10-m vector wind
CMIP,IPSL,IPSL-CM6A-LR,amip,r6i1p1f1,False,False,incomplete,none,False,False,False,True,False,False,False,True,gr,195801010130,201412312230,3hr:pr,verified fixed-pressure ua+va or vo at 850/700/500 hPa|six-hourly-or-better psl,regional subset and common-grid standardisation|classification without native 10-m vector wind
CMIP,IPSL,IPSL-CM6A-LR,amip,r7i1p1f1,False,False,incomplete,none,False,False,False,True,False,False,False,True,gr,195801010130,201412312230,3hr:pr,verified fixed-pressure ua+va or vo at 850/700/500 hPa|six-hourly-or-better psl,regional subset and common-grid standardisation|classification without native 10-m vector wind
CMIP,IPSL,IPSL-CM6A-LR,amip,r8i1p1f1,False,False,incomplete,none,False,False,False,True,False,False,False,True,gr,195801010130,201412312230,3hr:pr,verified fixed-pressure ua+va or vo at 850/700/500 hPa|six-hourly-or-better psl,regional subset and common-grid standardisation|classification without native 10-m vector wind
CMIP,IPSL,IPSL-CM6A-LR,amip,r9i1p1f1,False,False,incomplete,none,False,False,False,True,False,False,False,True,gr,195801010130,201412312230,3hr:pr,verified fixed-pressure ua+va or vo at 850/700/500 hPa|six-hourly-or-better psl,regional subset and common-grid standardisation|classification without native 10-m vector wind
CMIP,IPSL,IPSL-CM6A-LR,historical,r11i1p1f1,False,False,incomplete,none,False,False,False,False,False,False,False,False,gr,185001010600,201501010000,6hrLev:ta,verified fixed-pressure ua+va or vo at 850/700/500 hPa|six-hourly-or-better psl,regional subset and common-grid standardisation|classification without native 10-m vector wind|precipitation diagnostics unavailable
CMIP,IPSL,IPSL-CM6A-LR,historical,r13i1p1f1,False,False,incomplete,none,False,False,False,False,False,False,False,False,gr,185001010600,201501010000,6hrLev:ta,verified fixed-pressure ua+va or vo at 850/700/500 hPa|six-hourly-or-better psl,regional subset and common-grid standardisation|classification without native 10-m vector wind|precipitation diagnostics unavailable
CMIP,IPSL,IPSL-CM6A-LR,historical,r18i1p1f1,False,False,incomplete,none,False,False,False,False,False,False,True,False,gr,185001010600,201501010000,6hrLev:ps|6hrLev:ta,verified fixed-pressure ua+va or vo at 850/700/500 hPa|six-hourly-or-better psl,regional subset and common-grid standardisation|classification without native 10-m vector wind|precipitation diagnostics unavailable
CMIP,IPSL,IPSL-CM6A-LR,historical,r1i1p1f1,True,True,candidate_ready,6hrPlevPt:ua+va,True,True,True,True,True,True,True,False,gr,185001010130,201501010000,3hr:pr|3hr:ps|3hr:uas|3hr:vas|6hrLev:hus|6hrLev:ps|6hrLev:ta|6hrLev:ua|6hrLev:va|6hrPlev:hus|6hrPlev:pr|6hrPlev:psl|6hrPlev:uas|6hrPlev:vas|6hrPlevPt:hus|6hrPlevPt:psl|6hrPlevPt:ta|6hrPlevPt:ua|6hrPlevPt:uas|6hrPlevPt:va|6hrPlevPt:vas|6hrPlevPt:zg,,regional subset and common-grid standardisation
CMIP,IPSL,IPSL-CM6A-LR,historical,r24i1p1f1,False,False,incomplete,none,False,False,False,False,False,False,False,False,gr,195001010600,201501010000,6hrLev:hus,verified fixed-pressure ua+va or vo at 850/700/500 hPa|six-hourly-or-better psl,regional subset and common-grid standardisation|classification without native 10-m vector wind|precipitation diagnostics unavailable
CMIP,IPSL,IPSL-CM6A-LR,historical,r26i1p1f1,False,False,incomplete,none,False,False,False,False,False,False,False,False,gr,185001010600,201501010000,6hrLev:ta,verified fixed-pressure ua+va or vo at 850/700/500 hPa|six-hourly-or-better psl,regional subset and common-grid standardisation|classification without native 10-m vector wind|precipitation diagnostics unavailable
CMIP,IPSL,IPSL-CM6A-LR,historical,r2i1p1f1,True,True,candidate_ready,6hrPlevPt:ua+va,True,True,True,True,True,True,True,False,gr,185001010130,201501010000,3hr:pr|3hr:ps|3hr:uas|3hr:vas|6hrLev:hus|6hrLev:ps|6hrLev:ta|6hrLev:ua|6hrLev:va|6hrPlev:hus|6hrPlev:pr|6hrPlev:psl|6hrPlev:uas|6hrPlev:vas|6hrPlevPt:hus|6hrPlevPt:psl|6hrPlevPt:ta|6hrPlevPt:ua|6hrPlevPt:uas|6hrPlevPt:va|6hrPlevPt:vas|6hrPlevPt:zg,,regional subset and common-grid standardisation
CMIP,IPSL,IPSL-CM6A-LR,historical,r31i1p1f1,False,False,incomplete,none,False,False,False,False,False,False,False,False,gr,185001010600,201501010000,6hrLev:ta,verified fixed-pressure ua+va or vo at 850/700/500 hPa|six-hourly-or-better psl,regional subset and common-grid standardisation|classification without native 10-m vector wind|precipitation diagnostics unavailable
CMIP,IPSL,IPSL-CM6A-LR,historical,r32i1p1f1,False,False,incomplete,none,False,False,False,False,True,False,False,False,gr,185001010600,201501010000,6hrLev:ta|6hrPlevPt:ta,verified fixed-pressure ua+va or vo at 850/700/500 hPa|six-hourly-or-better psl,regional subset and common-grid standardisation|classification without native 10-m vector wind|precipitation diagnostics unavailable
CMIP,IPSL,IPSL-CM6A-LR,historical,r3i1p1f1,False,False,candidate_fields_present_levels_unverified,6hrPlevPt:ua+va,False,True,True,True,True,False,True,False,gr,185001010130,201501010000,3hr:pr|3hr:ps|3hr:uas|3hr:vas|6hrLev:hus|6hrLev:ps|6hrLev:ta|6hrLev:ua|6hrLev:va|6hrPlev:pr|6hrPlev:psl|6hrPlev:uas|6hrPlev:vas|6hrPlevPt:psl|6hrPlevPt:ta|6hrPlevPt:ua|6hrPlevPt:va,verified fixed-pressure ua+va or vo at 850/700/500 hPa,regional subset and common-grid standardisation
CMIP,IPSL,IPSL-CM6A-LR,historical,r4i1p1f1,True,True,candidate_ready,6hrPlevPt:ua+va,True,True,True,True,True,True,True,False,gr,185001010130,201501010000,3hr:pr|3hr:ps|3hr:uas|3hr:vas|6hrLev:hus|6hrLev:ps|6hrLev:ta|6hrLev:ua|6hrLev:va|6hrPlev:hus|6hrPlev:pr|6hrPlev:psl|6hrPlev:uas|6hrPlev:vas|6hrPlevPt:hus|6hrPlevPt:psl|6hrPlevPt:ta|6hrPlevPt:ua|6hrPlevPt:uas|6hrPlevPt:va|6hrPlevPt:vas|6hrPlevPt:zg,,regional subset and common-grid standardisation
CMIP,IPSL,IPSL-CM6A-LR,historical,r5i1p1f1,True,True,candidate_ready,6hrPlevPt:ua+va,True,True,True,True,True,True,True,False,gr,185001010130,201501010000,3hr:pr|3hr:ps|3hr:uas|3hr:vas|6hrLev:hus|6hrLev:ps|6hrLev:ta|6hrLev:ua|6hrLev:va|6hrPlev:hus|6hrPlev:pr|6hrPlev:psl|6hrPlev:uas|6hrPlev:vas|6hrPlevPt:hus|6hrPlevPt:psl|6hrPlevPt:ta|6hrPlevPt:ua|6hrPlevPt:uas|6hrPlevPt:va|6hrPlevPt:vas|6hrPlevPt:zg,,regional subset and common-grid standardisation
CMIP,IPSL,IPSL-CM6A-LR,historical,r6i1p1f1,True,True,candidate_ready,6hrPlevPt:ua+va,True,True,True,True,True,True,True,False,gr,185001010130,201501010000,3hr:pr|3hr:ps|3hr:uas|3hr:vas|6hrLev:hus|6hrLev:ps|6hrLev:ta|6hrLev:ua|6hrLev:va|6hrPlev:hus|6hrPlev:pr|6hrPlev:psl|6hrPlev:uas|6hrPlev:vas|6hrPlevPt:hus|6hrPlevPt:psl|6hrPlevPt:ta|6hrPlevPt:ua|6hrPlevPt:uas|6hrPlevPt:va|6hrPlevPt:vas|6hrPlevPt:zg,,regional subset and common-grid standardisation
CMIP,IPSL,IPSL-CM6A-LR,historical,r7i1p1f1,True,True,candidate_ready,6hrPlevPt:ua+va,True,True,True,True,True,True,True,False,gr,185001010130,201501010000,3hr:pr|3hr:ps|3hr:uas|3hr:vas|6hrLev:hus|6hrLev:ps|6hrLev:ta|6hrLev:ua|6hrLev:va|6hrPlev:hus|6hrPlev:pr|6hrPlev:psl|6hrPlev:uas|6hrPlev:vas|6hrPlevPt:hus|6hrPlevPt:psl|6hrPlevPt:ta|6hrPlevPt:ua|6hrPlevPt:uas|6hrPlevPt:va|6hrPlevPt:vas|6hrPlevPt:zg,,regional subset and common-grid standardisation
CMIP,IPSL,IPSL-CM6A-LR,historical,r8i1p1f1,True,True,candidate_ready,6hrPlevPt:ua+va,True,True,True,True,True,True,True,False,gr,185001010130,201501010000,3hr:pr|3hr:ps|3hr:uas|3hr:vas|6hrLev:hus|6hrLev:ps|6hrLev:ta|6hrLev:ua|6hrLev:va|6hrPlev:hus|6hrPlev:pr|6hrPlev:psl|6hrPlev:uas|6hrPlev:vas|6hrPlevPt:hus|6hrPlevPt:psl|6hrPlevPt:ta|6hrPlevPt:ua|6hrPlevPt:uas|6hrPlevPt:va|6hrPlevPt:vas|6hrPlevPt:zg,,regional subset and common-grid standardisation
CMIP,IPSL,IPSL-CM6A-LR,historical,r9i1p1f1,True,True,candidate_ready,6hrPlevPt:ua+va,True,True,True,True,True,True,True,False,gr,185001010130,201501010000,3hr:pr|3hr:ps|3hr:uas|3hr:vas|6hrLev:hus|6hrLev:ps|6hrLev:ta|6hrLev:ua|6hrLev:va|6hrPlev:hus|6hrPlev:pr|6hrPlev:psl|6hrPlev:uas|6hrPlev:vas|6hrPlevPt:hus|6hrPlevPt:psl|6hrPlevPt:ta|6hrPlevPt:ua|6hrPlevPt:uas|6hrPlevPt:va|6hrPlevPt:vas|6hrPlevPt:zg,,regional subset and common-grid standardisation
CMIP,IPSL,IPSL-CM6A-LR,piControl,r1i1p1f1,True,False,candidate_ready,6hrPlevPt:ua+va,True,True,True,True,True,False,False,True,gr,185001010130,384912312230,3hr:pr|3hr:uas|3hr:vas|6hrLev:ta|6hrLev:ua|6hrLev:va|6hrPlevPt:psl|6hrPlevPt:ta|6hrPlevPt:ua|6hrPlevPt:uas|6hrPlevPt:va|6hrPlevPt:vas|6hrPlevPt:zg,,regional subset and common-grid standardisation
CMIP,IPSL,IPSL-CM6A-LR,piControl,r1i2p1f1,True,False,candidate_ready,6hrPlevPt:ua+va,True,True,True,True,True,False,False,False,gr,185001010130,210001010000,3hr:pr|3hr:uas|3hr:vas|6hrLev:ta|6hrLev:ua|6hrLev:va|6hrPlevPt:psl|6hrPlevPt:ta|6hrPlevPt:ua|6hrPlevPt:uas|6hrPlevPt:va|6hrPlevPt:vas|6hrPlevPt:zg,,regional subset and common-grid standardisation
CMIP,IPSL,IPSL-CM6A-LR-INCA,abrupt-4xCO2,r1i1p1f1,False,False,incomplete,none,False,False,False,True,False,False,False,True,gr,185001010130,199912312230,3hr:pr,verified fixed-pressure ua+va or vo at 850/700/500 hPa|six-hourly-or-better psl,regional subset and common-grid standardisation|classification without native 10-m vector wind
CMIP,IPSL,IPSL-CM6A-LR-INCA,historical,r1i1p1f1,True,True,candidate_ready,6hrPlevPt:ua+va,True,True,True,True,True,True,True,False,gr,185001010130,201501010000,3hr:pr|3hr:ps|3hr:uas|3hr:vas|6hrLev:hus|6hrLev:ps|6hrLev:ta|6hrLev:ua|6hrLev:va|6hrPlev:hus|6hrPlev:pr|6hrPlev:psl|6hrPlev:uas|6hrPlev:vas|6hrPlevPt:hus|6hrPlevPt:psl|6hrPlevPt:ta|6hrPlevPt:ua|6hrPlevPt:uas|6hrPlevPt:va|6hrPlevPt:vas|6hrPlevPt:zg,,regional subset and common-grid standardisation
CMIP,KIOST,KIOST-ESM,abrupt-4xCO2,r1i1p1f1,False,False,incomplete,none,False,False,False,True,False,False,False,False,gr1,200001010300,200101010000,3hr:pr,verified fixed-pressure ua+va or vo at 850/700/500 hPa|six-hourly-or-better psl,regional subset and common-grid standardisation|classification without native 10-m vector wind
CMIP,KIOST,KIOST-ESM,historical,r1i1p1f1,False,False,candidate_fields_present_levels_unverified,6hrPlevPt:ua+va,False,True,True,True,True,False,True,False,gr1,185001010000,201501010000,3hr:pr|3hr:ps|3hr:uas|3hr:vas|6hrLev:ps|6hrPlevPt:psl|6hrPlevPt:ta|6hrPlevPt:ua|6hrPlevPt:va,verified fixed-pressure ua+va or vo at 850/700/500 hPa,regional subset and common-grid standardisation
CMIP,KIOST,KIOST-ESM,piControl,r1i1p1f1,False,False,candidate_fields_present_levels_unverified,6hrPlevPt:ua+va,False,True,True,True,True,False,False,False,gr1,268901010600,333901010000,3hr:pr|3hr:uas|3hr:vas|6hrPlevPt:psl|6hrPlevPt:ta|6hrPlevPt:ua|6hrPlevPt:va,verified fixed-pressure ua+va or vo at 850/700/500 hPa,regional subset and common-grid standardisation
CMIP,MIROC,MIROC-ES2L,abrupt-4xCO2,r1i1p1f2,False,False,incomplete,none,False,False,False,True,False,False,False,False,gn,185001010130,199912312230,3hr:pr,verified fixed-pressure ua+va or vo at 850/700/500 hPa|six-hourly-or-better psl,regional subset and common-grid standardisation|classification without native 10-m vector wind
CMIP,MIROC,MIROC-ES2L,amip,r1i1p1f2,False,False,incomplete,none,False,False,False,False,True,False,True,False,gn,197901010300,201501010000,3hr:ps|6hrLev:ps|6hrPlevPt:ta,verified fixed-pressure ua+va or vo at 850/700/500 hPa|six-hourly-or-better psl,regional subset and common-grid standardisation|classification without native 10-m vector wind|precipitation diagnostics unavailable
CMIP,MIROC,MIROC-ES2L,historical,r1i1p1f2,False,False,candidate_fields_present_levels_unverified,6hrPlevPt:ua+va,False,True,True,True,True,False,False,False,gn,185001010130,201501010000,3hr:pr|3hr:uas|3hr:vas|6hrPlevPt:psl|6hrPlevPt:ta|6hrPlevPt:ua|6hrPlevPt:va,verified fixed-pressure ua+va or vo at 850/700/500 hPa,regional subset and common-grid standardisation
CMIP,MIROC,MIROC-ES2L,piControl,r1i1p1f2,False,False,incomplete,none,False,False,False,True,True,False,False,False,gn,185001010130,235001010000,3hr:pr|6hrPlevPt:ta,verified fixed-pressure ua+va or vo at 850/700/500 hPa|six-hourly-or-better psl,regional subset and common-grid standardisation|classification without native 10-m vector wind
CMIP,MIROC,MIROC6,abrupt-4xCO2,r1i1p1f1,False,False,incomplete,none,False,False,False,True,False,False,False,True,gn,320001010130,334912312230,3hr:pr|6hrPlev:pr,verified fixed-pressure ua+va or vo at 850/700/500 hPa|six-hourly-or-better psl,regional subset and common-grid standardisation|classification without native 10-m vector wind
CMIP,MIROC,MIROC6,amip,r1i1p1f1,False,False,incomplete,none,False,False,True,False,True,False,True,True,gn,197901010130,201501010000,3hr:ps|3hr:uas|3hr:vas|6hrPlev:uas|6hrPlev:vas|6hrPlevPt:ta|6hrPlevPt:uas|6hrPlevPt:vas,verified fixed-pressure ua+va or vo at 850/700/500 hPa|six-hourly-or-better psl,regional subset and common-grid standardisation|precipitation diagnostics unavailable
CMIP,MIROC,MIROC6,amip,r2i1p1f1,False,False,incomplete,none,False,False,True,False,False,False,False,False,gn,197901010300,201501010000,3hr:uas|3hr:vas|6hrPlev:uas|6hrPlev:vas|6hrPlevPt:uas|6hrPlevPt:vas,verified fixed-pressure ua+va or vo at 850/700/500 hPa|six-hourly-or-better psl,regional subset and common-grid standardisation|precipitation diagnostics unavailable
CMIP,MIROC,MIROC6,historical,r10i1p1f1,False,False,incomplete,none,False,False,False,True,False,False,False,False,gn,185001010130,201412312230,3hr:pr|6hrPlev:pr,verified fixed-pressure ua+va or vo at 850/700/500 hPa|six-hourly-or-better psl,regional subset and common-grid standardisation|classification without native 10-m vector wind
CMIP,MIROC,MIROC6,historical,r1i1p1f1,True,True,candidate_ready,6hrPlevPt:ua+va,True,True,True,True,True,True,True,False,gn,185001010130,201501010000,3hr:pr|3hr:ps|3hr:uas|3hr:vas|6hrLev:ps|6hrLev:ta|6hrLev:ua|6hrLev:va|6hrPlev:pr|6hrPlev:uas|6hrPlev:vas|6hrPlevPt:hus|6hrPlevPt:psl|6hrPlevPt:ta|6hrPlevPt:ua|6hrPlevPt:uas|6hrPlevPt:va|6hrPlevPt:vas|6hrPlevPt:zg,,regional subset and common-grid standardisation
CMIP,MIROC,MIROC6,historical,r2i1p1f1,False,False,incomplete,none,False,False,True,True,False,False,False,False,gn,185001010130,201501010000,3hr:pr|3hr:uas|3hr:vas|6hrPlev:pr|6hrPlev:uas|6hrPlev:vas|6hrPlevPt:uas|6hrPlevPt:vas,verified fixed-pressure ua+va or vo at 850/700/500 hPa|six-hourly-or-better psl,regional subset and common-grid standardisation
CMIP,MIROC,MIROC6,historical,r3i1p1f1,False,False,incomplete,none,False,False,False,True,False,False,False,False,gn,185001010130,201412312230,3hr:pr|6hrPlev:pr,verified fixed-pressure ua+va or vo at 850/700/500 hPa|six-hourly-or-better psl,regional subset and common-grid standardisation|classification without native 10-m vector wind
CMIP,MIROC,MIROC6,historical,r4i1p1f1,False,False,incomplete,none,False,False,False,True,False,False,False,False,gn,185001010130,201412312230,3hr:pr|6hrPlev:pr,verified fixed-pressure ua+va or vo at 850/700/500 hPa|six-hourly-or-better psl,regional subset and common-grid standardisation|classification without native 10-m vector wind
CMIP,MIROC,MIROC6,historical,r5i1p1f1,False,False,incomplete,none,False,False,False,True,False,False,False,False,gn,185001010130,201412312230,3hr:pr|6hrPlev:pr,verified fixed-pressure ua+va or vo at 850/700/500 hPa|six-hourly-or-better psl,regional subset and common-grid standardisation|classification without native 10-m vector wind
CMIP,MIROC,MIROC6,historical,r6i1p1f1,False,False,incomplete,none,False,False,False,True,False,False,False,False,gn,185001010130,201412312230,3hr:pr|6hrPlev:pr,verified fixed-pressure ua+va or vo at 850/700/500 hPa|six-hourly-or-better psl,regional subset and common-grid standardisation|classification without native 10-m vector wind
CMIP,MIROC,MIROC6,historical,r7i1p1f1,False,False,incomplete,none,False,False,False,True,False,False,False,False,gn,185001010130,201412312230,3hr:pr|6hrPlev:pr,verified fixed-pressure ua+va or vo at 850/700/500 hPa|six-hourly-or-better psl,regional subset and common-grid standardisation|classification without native 10-m vector wind
CMIP,MIROC,MIROC6,historical,r8i1p1f1,False,False,incomplete,none,False,False,False,True,False,False,False,False,gn,185001010130,201412312230,3hr:pr|6hrPlev:pr,verified fixed-pressure ua+va or vo at 850/700/500 hPa|six-hourly-or-better psl,regional subset and common-grid standardisation|classification without native 10-m vector wind
CMIP,MIROC,MIROC6,historical,r9i1p1f1,False,False,incomplete,none,False,False,False,True,False,False,False,False,gn,185001010130,201412312230,3hr:pr|6hrPlev:pr,verified fixed-pressure ua+va or vo at 850/700/500 hPa|six-hourly-or-better psl,regional subset and common-grid standardisation|classification without native 10-m vector wind
CMIP,MIROC,MIROC6,piControl,r1i1p1f1,True,False,candidate_ready,6hrPlevPt:ua+va,True,True,True,True,True,False,False,True,gn,320001010130,360001010000,3hr:pr|3hr:uas|3hr:vas|6hrLev:ua|6hrLev:va|6hrPlev:pr|6hrPlev:uas|6hrPlev:vas|6hrPlevPt:psl|6hrPlevPt:ta|6hrPlevPt:ua|6hrPlevPt:uas|6hrPlevPt:va|6hrPlevPt:vas|6hrPlevPt:zg,,regional subset and common-grid standardisation
CMIP,MOHC,HadGEM3-GC31-LL,1pctCO2,r1i1p1f3,False,False,incomplete,none,False,False,True,True,False,False,True,True,gn,185001010130,200001010000,3hr:pr|3hr:ps|3hr:uas|3hr:vas|6hrLev:hus|6hrLev:ps|6hrLev:ta|6hrLev:ua|6hrLev:va,verified fixed-pressure ua+va or vo at 850/700/500 hPa|six-hourly-or-better psl,regional subset and common-grid standardisation
CMIP,MOHC,HadGEM3-GC31-LL,abrupt-4xCO2,r1i1p1f3,False,False,incomplete,none,False,False,True,True,False,False,True,True,gn,185001010130,200001010000,3hr:pr|3hr:ps|3hr:uas|3hr:vas,verified fixed-pressure ua+va or vo at 850/700/500 hPa|six-hourly-or-better psl,regional subset and common-grid standardisation
CMIP,MOHC,HadGEM3-GC31-LL,amip,r1i1p1f3,False,False,candidate_fields_present_levels_unverified,6hrPlevPt:ua+va,False,True,True,True,True,True,True,True,gn,197901010130,201501010000,3hr:pr|3hr:ps|3hr:uas|3hr:vas|6hrLev:hus|6hrLev:ps|6hrLev:ta|6hrLev:ua|6hrLev:va|6hrPlevPt:hus|6hrPlevPt:psl|6hrPlevPt:ta|6hrPlevPt:ua|6hrPlevPt:va|6hrPlevPt:zg,verified fixed-pressure ua+va or vo at 850/700/500 hPa,regional subset and common-grid standardisation
CMIP,MOHC,HadGEM3-GC31-LL,historical,r1i1p1f3,True,True,candidate_ready,6hrPlevPt:ua+va,True,True,True,True,True,True,True,False,gn,185001010130,201501010000,3hr:pr|3hr:ps|3hr:uas|3hr:vas|6hrLev:hus|6hrLev:ps|6hrLev:ta|6hrLev:ua|6hrLev:va|6hrPlev:pr|6hrPlev:psl|6hrPlev:uas|6hrPlev:vas|6hrPlevPt:hus|6hrPlevPt:psl|6hrPlevPt:ta|6hrPlevPt:ua|6hrPlevPt:uas|6hrPlevPt:va|6hrPlevPt:vas|6hrPlevPt:zg,,regional subset and common-grid standardisation
CMIP,MOHC,HadGEM3-GC31-MM,1pctCO2,r1i1p1f3,False,False,incomplete,none,False,False,True,True,False,False,True,True,gn,185001010130,200001010000,3hr:pr|3hr:ps|3hr:uas|3hr:vas|6hrLev:ps,verified fixed-pressure ua+va or vo at 850/700/500 hPa|six-hourly-or-better psl,regional subset and common-grid standardisation
CMIP,MOHC,HadGEM3-GC31-MM,abrupt-4xCO2,r1i1p1f3,False,False,incomplete,none,False,False,True,True,False,False,True,True,gn,185001010130,200001010000,3hr:pr|3hr:ps|3hr:uas|3hr:vas,verified fixed-pressure ua+va or vo at 850/700/500 hPa|six-hourly-or-better psl,regional subset and common-grid standardisation
CMIP,MOHC,HadGEM3-GC31-MM,amip,r1i1p1f3,True,True,candidate_ready,6hrPlevPt:ua+va,True,True,True,True,True,True,True,True,gn,197901010130,201501010000,3hr:pr|3hr:ps|3hr:uas|3hr:vas|6hrLev:hus|6hrLev:ps|6hrLev:ta|6hrLev:ua|6hrLev:va|6hrPlevPt:hus|6hrPlevPt:psl|6hrPlevPt:ta|6hrPlevPt:ua|6hrPlevPt:va|6hrPlevPt:zg,,regional subset and common-grid standardisation
CMIP,MOHC,HadGEM3-GC31-MM,historical,r1i1p1f3,True,True,candidate_ready,6hrPlevPt:ua+va,True,True,True,True,True,True,True,False,gn,185001010130,201501010000,3hr:pr|3hr:ps|3hr:uas|3hr:vas|6hrLev:hus|6hrLev:ps|6hrLev:ta|6hrLev:ua|6hrLev:va|6hrPlev:pr|6hrPlev:psl|6hrPlev:uas|6hrPlev:vas|6hrPlevPt:hus|6hrPlevPt:psl|6hrPlevPt:ta|6hrPlevPt:ua|6hrPlevPt:uas|6hrPlevPt:va|6hrPlevPt:vas|6hrPlevPt:zg,,regional subset and common-grid standardisation
CMIP,MOHC,UKESM1-0-LL,1pctCO2,r1i1p1f2,False,False,incomplete,none,False,False,False,True,False,False,True,False,gn,185001010130,200001010000,3hr:pr|3hr:ps,verified fixed-pressure ua+va or vo at 850/700/500 hPa|six-hourly-or-better psl,regional subset and common-grid standardisation|classification without native 10-m vector wind
CMIP,MOHC,UKESM1-0-LL,1pctCO2,r2i1p1f2,False,False,incomplete,none,False,False,False,True,False,False,True,False,gn,185001010130,200001010000,3hr:pr|3hr:ps,verified fixed-pressure ua+va or vo at 850/700/500 hPa|six-hourly-or-better psl,regional subset and common-grid standardisation|classification without native 10-m vector wind
CMIP,MOHC,UKESM1-0-LL,1pctCO2,r3i1p1f2,False,False,incomplete,none,False,False,False,True,False,False,True,False,gn,185001010130,200001010000,3hr:pr|3hr:ps,verified fixed-pressure ua+va or vo at 850/700/500 hPa|six-hourly-or-better psl,regional subset and common-grid standardisation|classification without native 10-m vector wind
CMIP,MOHC,UKESM1-0-LL,1pctCO2,r4i1p1f2,False,False,incomplete,none,False,False,False,True,False,False,True,False,gn,185001010130,200001010000,3hr:pr|3hr:ps,verified fixed-pressure ua+va or vo at 850/700/500 hPa|six-hourly-or-better psl,regional subset and common-grid standardisation|classification without native 10-m vector wind
CMIP,MOHC,UKESM1-0-LL,abrupt-4xCO2,r1i1p1f2,False,False,incomplete,none,False,False,False,True,False,False,True,False,gn,185001010130,200001010000,3hr:pr|3hr:ps,verified fixed-pressure ua+va or vo at 850/700/500 hPa|six-hourly-or-better psl,regional subset and common-grid standardisation|classification without native 10-m vector wind
CMIP,MOHC,UKESM1-0-LL,amip,r1i1p1f4,False,False,pressure_circulation_without_mslp,6hrPlevPt:ua+va,False,False,False,True,True,False,True,False,gn,197901010130,201501010000,3hr:pr|3hr:ps|6hrPlevPt:ta|6hrPlevPt:ua|6hrPlevPt:va,verified fixed-pressure ua+va or vo at 850/700/500 hPa|six-hourly-or-better psl,regional subset and common-grid standardisation|classification without native 10-m vector wind
CMIP,MOHC,UKESM1-0-LL,esm-hist,r2i1p1f2,False,False,pressure_circulation_without_mslp,6hrPlevPt:ua+va,False,False,False,True,True,False,True,False,gn,185001010130,201501010000,3hr:pr|3hr:ps|6hrPlevPt:ta|6hrPlevPt:ua|6hrPlevPt:va,verified fixed-pressure ua+va or vo at 850/700/500 hPa|six-hourly-or-better psl,regional subset and common-grid standardisation|classification without native 10-m vector wind
CMIP,MOHC,UKESM1-0-LL,esm-hist,r3i1p1f2,False,False,pressure_circulation_without_mslp,6hrPlevPt:ua+va,False,False,False,True,True,False,True,False,gn,185001010130,201501010000,3hr:pr|3hr:ps|6hrPlevPt:ta|6hrPlevPt:ua|6hrPlevPt:va,verified fixed-pressure ua+va or vo at 850/700/500 hPa|six-hourly-or-better psl,regional subset and common-grid standardisation|classification without native 10-m vector wind
CMIP,MOHC,UKESM1-0-LL,esm-hist,r4i1p1f2,False,False,pressure_circulation_without_mslp,6hrPlevPt:ua+va,False,False,False,True,True,False,True,False,gn,185001010130,201501010000,3hr:pr|3hr:ps|6hrPlevPt:ta|6hrPlevPt:ua|6hrPlevPt:va,verified fixed-pressure ua+va or vo at 850/700/500 hPa|six-hourly-or-better psl,regional subset and common-grid standardisation|classification without native 10-m vector wind
CMIP,MOHC,UKESM1-0-LL,historical,r1i1p1f2,False,False,pressure_circulation_without_mslp,6hrPlevPt:ua+va,False,False,False,True,True,True,True,False,gn,185001010130,201501010000,3hr:pr|3hr:ps|6hrLev:hus|6hrLev:ps|6hrLev:ta|6hrLev:ua|6hrLev:va|6hrPlevPt:hus|6hrPlevPt:ta|6hrPlevPt:ua|6hrPlevPt:va,verified fixed-pressure ua+va or vo at 850/700/500 hPa|six-hourly-or-better psl,regional subset and common-grid standardisation|classification without native 10-m vector wind
CMIP,MOHC,UKESM1-0-LL,historical,r2i1p1f2,False,False,incomplete,none,False,False,False,False,False,False,True,False,gn,195001010600,201501010000,6hrLev:hus|6hrLev:ps|6hrLev:ta|6hrLev:ua|6hrLev:va,verified fixed-pressure ua+va or vo at 850/700/500 hPa|six-hourly-or-better psl,regional subset and common-grid standardisation|classification without native 10-m vector wind|precipitation diagnostics unavailable
CMIP,MOHC,UKESM1-0-LL,historical,r3i1p1f2,False,False,pressure_circulation_without_mslp,6hrPlevPt:ua+va,True,False,False,False,True,True,True,False,gn,195001010600,201501010000,6hrLev:hus|6hrLev:ps|6hrLev:ta|6hrLev:ua|6hrLev:va|6hrPlevPt:hus|6hrPlevPt:ta|6hrPlevPt:ua|6hrPlevPt:va|6hrPlevPt:zg,six-hourly-or-better psl,regional subset and common-grid standardisation|classification without native 10-m vector wind|precipitation diagnostics unavailable
CMIP,MPI-M,MPI-ESM1-2-HR,abrupt-4xCO2,r1i1p1f1,False,False,incomplete,none,False,False,False,True,False,False,False,True,gn,185001010130,201412312230,3hr:pr|6hrPlev:pr,verified fixed-pressure ua+va or vo at 850/700/500 hPa|six-hourly-or-better psl,regional subset and common-grid standardisation|classification without native 10-m vector wind
CMIP,MPI-M,MPI-ESM1-2-HR,amip,r1i1p1f1,False,False,incomplete,none,False,False,True,False,True,False,True,True,gn,197901010300,201501010000,3hr:ps|3hr:uas|3hr:vas|6hrLev:ps|6hrLev:ta|6hrPlev:uas|6hrPlevPt:ta|6hrPlevPt:uas|6hrPlevPt:vas,verified fixed-pressure ua+va or vo at 850/700/500 hPa|six-hourly-or-better psl,regional subset and common-grid standardisation|precipitation diagnostics unavailable
CMIP,MPI-M,MPI-ESM1-2-HR,amip,r2i1p1f1,False,False,incomplete,none,False,False,True,False,False,False,False,False,gn,197901010300,201501010000,3hr:uas|3hr:vas|6hrPlev:uas|6hrPlevPt:uas|6hrPlevPt:vas,verified fixed-pressure ua+va or vo at 850/700/500 hPa|six-hourly-or-better psl,regional subset and common-grid standardisation|precipitation diagnostics unavailable
CMIP,MPI-M,MPI-ESM1-2-HR,historical,r10i1p1f1,False,False,incomplete,none,False,False,False,False,False,False,False,False,gn,185001010600,201501010000,6hrLev:ta,verified fixed-pressure ua+va or vo at 850/700/500 hPa|six-hourly-or-better psl,regional subset and common-grid standardisation|classification without native 10-m vector wind|precipitation diagnostics unavailable
CMIP,MPI-M,MPI-ESM1-2-HR,historical,r1i1p1f1,True,True,candidate_ready,6hrPlevPt:ua+va,True,True,True,True,True,True,True,False,gn,185001010130,201501010000,3hr:pr|3hr:ps|3hr:uas|3hr:vas|6hrLev:hus|6hrLev:ps|6hrLev:ta|6hrLev:ua|6hrLev:va|6hrPlev:pr|6hrPlev:psl|6hrPlev:uas|6hrPlevPt:hus|6hrPlevPt:psl|6hrPlevPt:ta|6hrPlevPt:ua|6hrPlevPt:uas|6hrPlevPt:va|6hrPlevPt:vas|6hrPlevPt:zg,,regional subset and common-grid standardisation
CMIP,MPI-M,MPI-ESM1-2-HR,historical,r2i1p1f1,False,False,incomplete,none,False,False,True,False,False,False,False,False,gn,185001010300,201501010000,3hr:uas|3hr:vas|6hrLev:ta|6hrPlev:uas|6hrPlevPt:uas|6hrPlevPt:vas,verified fixed-pressure ua+va or vo at 850/700/500 hPa|six-hourly-or-better psl,regional subset and common-grid standardisation|precipitation diagnostics unavailable
CMIP,MPI-M,MPI-ESM1-2-HR,historical,r3i1p1f1,False,False,incomplete,none,False,False,False,False,False,False,False,False,gn,185001010600,201501010000,6hrLev:ta,verified fixed-pressure ua+va or vo at 850/700/500 hPa|six-hourly-or-better psl,regional subset and common-grid standardisation|classification without native 10-m vector wind|precipitation diagnostics unavailable
CMIP,MPI-M,MPI-ESM1-2-HR,historical,r4i1p1f1,False,False,incomplete,none,False,False,False,False,False,False,False,False,gn,185001010600,201501010000,6hrLev:ta,verified fixed-pressure ua+va or vo at 850/700/500 hPa|six-hourly-or-better psl,regional subset and common-grid standardisation|classification without native 10-m vector wind|precipitation diagnostics unavailable
CMIP,MPI-M,MPI-ESM1-2-HR,historical,r5i1p1f1,False,False,incomplete,none,False,False,False,False,False,False,False,False,gn,185001010600,201501010000,6hrLev:ta,verified fixed-pressure ua+va or vo at 850/700/500 hPa|six-hourly-or-better psl,regional subset and common-grid standardisation|classification without native 10-m vector wind|precipitation diagnostics unavailable
CMIP,MPI-M,MPI-ESM1-2-HR,historical,r6i1p1f1,False,False,incomplete,none,False,False,False,False,False,False,False,False,gn,185001010600,201501010000,6hrLev:ta,verified fixed-pressure ua+va or vo at 850/700/500 hPa|six-hourly-or-better psl,regional subset and common-grid standardisation|classification without native 10-m vector wind|precipitation diagnostics unavailable
CMIP,MPI-M,MPI-ESM1-2-HR,historical,r7i1p1f1,False,False,incomplete,none,False,False,False,False,False,False,False,False,gn,185001010600,201501010000,6hrLev:ta,verified fixed-pressure ua+va or vo at 850/700/500 hPa|six-hourly-or-better psl,regional subset and common-grid standardisation|classification without native 10-m vector wind|precipitation diagnostics unavailable
CMIP,MPI-M,MPI-ESM1-2-HR,historical,r8i1p1f1,False,False,incomplete,none,False,False,False,False,False,False,False,False,gn,185001010600,201501010000,6hrLev:ta,verified fixed-pressure ua+va or vo at 850/700/500 hPa|six-hourly-or-better psl,regional subset and common-grid standardisation|classification without native 10-m vector wind|precipitation diagnostics unavailable
CMIP,MPI-M,MPI-ESM1-2-HR,historical,r9i1p1f1,False,False,incomplete,none,False,False,False,False,False,False,False,False,gn,185001010600,201501010000,6hrLev:ta,verified fixed-pressure ua+va or vo at 850/700/500 hPa|six-hourly-or-better psl,regional subset and common-grid standardisation|classification without native 10-m vector wind|precipitation diagnostics unavailable
CMIP,MPI-M,MPI-ESM1-2-HR,piControl,r1i1p1f1,True,False,candidate_ready,6hrPlevPt:ua+va,True,True,True,True,True,False,False,True,gn,185001010130,235001010000,3hr:pr|3hr:uas|3hr:vas|6hrLev:ta|6hrLev:ua|6hrLev:va|6hrPlev:pr|6hrPlev:psl|6hrPlev:uas|6hrPlevPt:psl|6hrPlevPt:ta|6hrPlevPt:ua|6hrPlevPt:uas|6hrPlevPt:va|6hrPlevPt:vas|6hrPlevPt:zg,,regional subset and common-grid standardisation
CMIP,MPI-M,MPI-ESM1-2-LR,abrupt-4xCO2,r1i1p1f1,False,False,incomplete,none,False,False,False,True,False,False,False,True,gn,185001010130,201412312230,3hr:pr|6hrPlev:pr,verified fixed-pressure ua+va or vo at 850/700/500 hPa|six-hourly-or-better psl,regional subset and common-grid standardisation|classification without native 10-m vector wind
CMIP,MPI-M,MPI-ESM1-2-LR,amip,r1i1p1f1,False,False,incomplete,none,False,False,False,False,False,False,True,True,gn,197901010300,201501010000,3hr:ps|6hrLev:ps|6hrLev:ta,verified fixed-pressure ua+va or vo at 850/700/500 hPa|six-hourly-or-better psl,regional subset and common-grid standardisation|classification without native 10-m vector wind|precipitation diagnostics unavailable
CMIP,MPI-M,MPI-ESM1-2-LR,esm-hist,r1i1p1f1,True,False,candidate_ready,6hrPlevPt:ua+va,True,True,False,True,True,True,True,True,gn,185001010130,201501010000,3hr:pr|3hr:ps|6hrLev:hus|6hrLev:ps|6hrLev:ta|6hrLev:va|6hrPlev:pr|6hrPlev:psl|6hrPlevPt:hus|6hrPlevPt:psl|6hrPlevPt:ta|6hrPlevPt:ua|6hrPlevPt:va|6hrPlevPt:zg,,regional subset and common-grid standardisation|classification without native 10-m vector wind
CMIP,MPI-M,MPI-ESM1-2-LR,historical,r1i1p1f1,True,True,candidate_ready,6hrPlevPt:ua+va,True,True,True,True,True,True,True,False,gn,185001010130,201501010000,3hr:pr|3hr:ps|3hr:uas|3hr:vas|6hrLev:hus|6hrLev:ps|6hrLev:ta|6hrLev:ua|6hrLev:va|6hrPlev:pr|6hrPlev:psl|6hrPlev:uas|6hrPlev:vas|6hrPlevPt:hus|6hrPlevPt:psl|6hrPlevPt:ta|6hrPlevPt:ua|6hrPlevPt:uas|6hrPlevPt:va|6hrPlevPt:vas|6hrPlevPt:zg,,regional subset and common-grid standardisation
CMIP,MPI-M,MPI-ESM1-2-LR,historical,r2i1p1f1,False,False,incomplete,none,False,False,True,False,False,False,False,False,gn,185001010300,201501010000,3hr:uas|3hr:vas|6hrPlev:uas|6hrPlev:vas|6hrPlevPt:uas|6hrPlevPt:vas,verified fixed-pressure ua+va or vo at 850/700/500 hPa|six-hourly-or-better psl,regional subset and common-grid standardisation|precipitation diagnostics unavailable
CMIP,MPI-M,MPI-ESM1-2-LR,piControl,r1i1p1f1,True,False,candidate_ready,6hrPlevPt:ua+va,True,True,True,True,True,False,False,True,gn,185001010130,285001010000,3hr:pr|3hr:uas|3hr:vas|6hrLev:ua|6hrLev:va|6hrPlev:pr|6hrPlev:psl|6hrPlev:uas|6hrPlev:vas|6hrPlevPt:psl|6hrPlevPt:ta|6hrPlevPt:ua|6hrPlevPt:uas|6hrPlevPt:va|6hrPlevPt:vas|6hrPlevPt:zg,,regional subset and common-grid standardisation
CMIP,MRI,MRI-ESM2-0,abrupt-4xCO2,r10i1p1f1,False,False,incomplete,none,False,False,False,True,False,False,False,False,gn,185001010130,200012312230,3hr:pr,verified fixed-pressure ua+va or vo at 850/700/500 hPa|six-hourly-or-better psl,regional subset and common-grid standardisation|classification without native 10-m vector wind
CMIP,MRI,MRI-ESM2-0,abrupt-4xCO2,r11i1p1f1,False,False,incomplete,none,False,False,False,True,False,False,False,False,gn,185001010130,185512312230,3hr:pr,verified fixed-pressure ua+va or vo at 850/700/500 hPa|six-hourly-or-better psl,regional subset and common-grid standardisation|classification without native 10-m vector wind
CMIP,MRI,MRI-ESM2-0,abrupt-4xCO2,r12i1p1f1,False,False,incomplete,none,False,False,False,True,False,False,False,False,gn,185001010130,185512312230,3hr:pr,verified fixed-pressure ua+va or vo at 850/700/500 hPa|six-hourly-or-better psl,regional subset and common-grid standardisation|classification without native 10-m vector wind
CMIP,MRI,MRI-ESM2-0,abrupt-4xCO2,r13i1p1f1,False,False,incomplete,none,False,False,False,True,False,False,False,False,gn,185001010130,200012312230,3hr:pr,verified fixed-pressure ua+va or vo at 850/700/500 hPa|six-hourly-or-better psl,regional subset and common-grid standardisation|classification without native 10-m vector wind
CMIP,MRI,MRI-ESM2-0,abrupt-4xCO2,r1i1p1f1,False,False,incomplete,none,False,False,False,True,False,False,False,True,gn,185001010130,200012312230,3hr:pr,verified fixed-pressure ua+va or vo at 850/700/500 hPa|six-hourly-or-better psl,regional subset and common-grid standardisation|classification without native 10-m vector wind
CMIP,MRI,MRI-ESM2-0,abrupt-4xCO2,r2i1p1f1,False,False,incomplete,none,False,False,False,True,False,False,False,False,gn,185001010130,185512312230,3hr:pr,verified fixed-pressure ua+va or vo at 850/700/500 hPa|six-hourly-or-better psl,regional subset and common-grid standardisation|classification without native 10-m vector wind
CMIP,MRI,MRI-ESM2-0,abrupt-4xCO2,r3i1p1f1,False,False,incomplete,none,False,False,False,True,False,False,False,False,gn,185001010130,185512312230,3hr:pr,verified fixed-pressure ua+va or vo at 850/700/500 hPa|six-hourly-or-better psl,regional subset and common-grid standardisation|classification without native 10-m vector wind
CMIP,MRI,MRI-ESM2-0,abrupt-4xCO2,r4i1p1f1,False,False,incomplete,none,False,False,False,True,False,False,False,False,gn,185001010130,200012312230,3hr:pr,verified fixed-pressure ua+va or vo at 850/700/500 hPa|six-hourly-or-better psl,regional subset and common-grid standardisation|classification without native 10-m vector wind
CMIP,MRI,MRI-ESM2-0,abrupt-4xCO2,r5i1p1f1,False,False,incomplete,none,False,False,False,True,False,False,False,False,gn,185001010130,185512312230,3hr:pr,verified fixed-pressure ua+va or vo at 850/700/500 hPa|six-hourly-or-better psl,regional subset and common-grid standardisation|classification without native 10-m vector wind
CMIP,MRI,MRI-ESM2-0,abrupt-4xCO2,r6i1p1f1,False,False,incomplete,none,False,False,False,True,False,False,False,False,gn,185001010130,185512312230,3hr:pr,verified fixed-pressure ua+va or vo at 850/700/500 hPa|six-hourly-or-better psl,regional subset and common-grid standardisation|classification without native 10-m vector wind
CMIP,MRI,MRI-ESM2-0,abrupt-4xCO2,r7i1p1f1,False,False,incomplete,none,False,False,False,True,False,False,False,False,gn,185001010130,200012312230,3hr:pr,verified fixed-pressure ua+va or vo at 850/700/500 hPa|six-hourly-or-better psl,regional subset and common-grid standardisation|classification without native 10-m vector wind
CMIP,MRI,MRI-ESM2-0,abrupt-4xCO2,r8i1p1f1,False,False,incomplete,none,False,False,False,True,False,False,False,False,gn,185001010130,185512312230,3hr:pr,verified fixed-pressure ua+va or vo at 850/700/500 hPa|six-hourly-or-better psl,regional subset and common-grid standardisation|classification without native 10-m vector wind
CMIP,MRI,MRI-ESM2-0,abrupt-4xCO2,r9i1p1f1,False,False,incomplete,none,False,False,False,True,False,False,False,False,gn,185001010130,185512312230,3hr:pr,verified fixed-pressure ua+va or vo at 850/700/500 hPa|six-hourly-or-better psl,regional subset and common-grid standardisation|classification without native 10-m vector wind
CMIP,MRI,MRI-ESM2-0,amip,r1i1p1f1,False,False,incomplete,none,False,False,True,False,True,False,True,True,gn,197901010000,201412312100,3hr:ps|3hr:uas|3hr:vas|6hrLev:ps|6hrPlevPt:ta,verified fixed-pressure ua+va or vo at 850/700/500 hPa|six-hourly-or-better psl,regional subset and common-grid standardisation|precipitation diagnostics unavailable
CMIP,MRI,MRI-ESM2-0,amip,r2i1p1f1,False,False,incomplete,none,False,False,True,False,False,False,False,False,gn,197901010000,201412312100,3hr:uas|3hr:vas,verified fixed-pressure ua+va or vo at 850/700/500 hPa|six-hourly-or-better psl,regional subset and common-grid standardisation|precipitation diagnostics unavailable
CMIP,MRI,MRI-ESM2-0,historical,r1i1p1f1,True,True,candidate_ready,6hrPlevPt:ua+va,True,True,True,True,True,True,True,False,gn,195001010000,201412312230,3hr:pr|3hr:ps|3hr:uas|3hr:vas|6hrLev:hus|6hrLev:ps|6hrLev:ta|6hrLev:ua|6hrLev:va|6hrPlev:hus|6hrPlevPt:hus|6hrPlevPt:psl|6hrPlevPt:ta|6hrPlevPt:ua|6hrPlevPt:va|6hrPlevPt:zg,,regional subset and common-grid standardisation
CMIP,MRI,MRI-ESM2-0,historical,r2i1p1f1,False,False,incomplete,none,False,False,True,False,True,False,False,False,gn,195001010000,201412312100,3hr:uas|3hr:vas|6hrPlevPt:ta,verified fixed-pressure ua+va or vo at 850/700/500 hPa|six-hourly-or-better psl,regional subset and common-grid standardisation|precipitation diagnostics unavailable
CMIP,MRI,MRI-ESM2-0,historical,r3i1p1f1,False,False,incomplete,none,False,False,False,False,True,False,False,False,gn,195001010000,201412311800,6hrPlevPt:ta,verified fixed-pressure ua+va or vo at 850/700/500 hPa|six-hourly-or-better psl,regional subset and common-grid standardisation|classification without native 10-m vector wind|precipitation diagnostics unavailable
CMIP,MRI,MRI-ESM2-0,historical,r4i1p1f1,False,False,incomplete,none,False,False,False,False,True,False,False,False,gn,195001010000,201412311800,6hrPlevPt:ta,verified fixed-pressure ua+va or vo at 850/700/500 hPa|six-hourly-or-better psl,regional subset and common-grid standardisation|classification without native 10-m vector wind|precipitation diagnostics unavailable
CMIP,MRI,MRI-ESM2-0,historical,r5i1p1f1,False,False,incomplete,none,False,False,False,False,True,False,False,False,gn,195001010000,201412311800,6hrPlevPt:ta,verified fixed-pressure ua+va or vo at 850/700/500 hPa|six-hourly-or-better psl,regional subset and common-grid standardisation|classification without native 10-m vector wind|precipitation diagnostics unavailable
CMIP,MRI,MRI-ESM2-0,piControl,r1i1p1f1,True,False,candidate_ready,6hrPlevPt:ua+va,True,True,True,True,True,False,False,True,gn,185001010000,204912312230,3hr:pr|3hr:uas|3hr:vas|6hrLev:ua|6hrLev:va|6hrPlevPt:psl|6hrPlevPt:ta|6hrPlevPt:ua|6hrPlevPt:va|6hrPlevPt:zg,,regional subset and common-grid standardisation
CMIP,NASA-GISS,GISS-E2-1-G,abrupt-4xCO2,r1i1p1f1,False,False,incomplete,none,False,False,False,True,False,False,False,True,gn,185001010300,199912312100,6hrPlev:pr,verified fixed-pressure ua+va or vo at 850/700/500 hPa|six-hourly-or-better psl,regional subset and common-grid standardisation|classification without native 10-m vector wind
CMIP,NASA-GISS,GISS-E2-1-G,amip,r1i1p1f1,False,False,incomplete,none,False,True,True,False,False,False,True,True,gn,197901010600,201501010000,3hr:ps|6hrLev:ps|6hrPlevPt:psl|6hrPlevPt:uas|6hrPlevPt:vas,verified fixed-pressure ua+va or vo at 850/700/500 hPa,regional subset and common-grid standardisation|precipitation diagnostics unavailable
CMIP,NASA-GISS,GISS-E2-1-G,amip,r1i1p1f2,False,False,incomplete,none,False,True,False,False,False,False,False,False,gn,197901010000,201501010000,6hrPlevPt:psl|6hrPlevPt:zg,verified fixed-pressure ua+va or vo at 850/700/500 hPa,regional subset and common-grid standardisation|classification without native 10-m vector wind|precipitation diagnostics unavailable
CMIP,NASA-GISS,GISS-E2-1-G,amip,r2i1p1f1,False,False,incomplete,none,False,True,True,False,False,False,False,False,gn,197901010600,201501010000,6hrPlevPt:psl|6hrPlevPt:uas|6hrPlevPt:vas,verified fixed-pressure ua+va or vo at 850/700/500 hPa,regional subset and common-grid standardisation|precipitation diagnostics unavailable
CMIP,NASA-GISS,GISS-E2-1-G,amip,r3i1p1f1,False,False,incomplete,none,False,True,False,False,False,False,False,False,gn,197901010600,201501010000,6hrPlevPt:psl|6hrPlevPt:uas,verified fixed-pressure ua+va or vo at 850/700/500 hPa,regional subset and common-grid standardisation|classification without native 10-m vector wind|precipitation diagnostics unavailable
CMIP,NASA-GISS,GISS-E2-1-G,historical,r1i1p1f1,True,True,candidate_ready,6hrPlevPt:ua+va,True,True,True,True,True,True,True,False,gn,195001010130,201501010000,3hr:pr|3hr:ps|3hr:uas|3hr:vas|6hrLev:hus|6hrLev:ta|6hrLev:ua|6hrLev:va|6hrPlevPt:hus|6hrPlevPt:psl|6hrPlevPt:ta|6hrPlevPt:ua|6hrPlevPt:va|6hrPlevPt:zg,,regional subset and common-grid standardisation
CMIP,NASA-GISS,GISS-E2-1-G,historical,r1i1p1f2,False,False,pressure_circulation_without_mslp,6hrPlevPt:ua+va,True,False,False,True,True,False,True,False,gn,185001010130,201501010000,3hr:pr|3hr:ps|6hrLev:ta|6hrLev:ua|6hrLev:va|6hrPlevPt:ta|6hrPlevPt:ua|6hrPlevPt:va|6hrPlevPt:zg,six-hourly-or-better psl,regional subset and common-grid standardisation|classification without native 10-m vector wind
CMIP,NASA-GISS,GISS-E2-1-G,historical,r5i1p1f2,False,False,incomplete,none,False,True,False,False,False,False,False,False,gn,185001010000,201501010000,6hrPlevPt:psl|6hrPlevPt:zg,verified fixed-pressure ua+va or vo at 850/700/500 hPa,regional subset and common-grid standardisation|classification without native 10-m vector wind|precipitation diagnostics unavailable
CMIP,NASA-GISS,GISS-E2-1-G,piControl,r1i1p1f1,False,False,incomplete,none,False,True,True,True,False,False,False,True,gn,426001010300,430001010000,6hrPlev:pr|6hrPlevPt:psl|6hrPlevPt:uas|6hrPlevPt:vas,verified fixed-pressure ua+va or vo at 850/700/500 hPa,regional subset and common-grid standardisation
CMIP,NASA-GISS,GISS-E3-G,historical,r1i1p101f1,False,False,incomplete,none,False,True,False,False,False,False,False,False,gr,185001010600,201501010000,6hrPlevPt:psl,verified fixed-pressure ua+va or vo at 850/700/500 hPa,regional subset and common-grid standardisation|classification without native 10-m vector wind|precipitation diagnostics unavailable
CMIP,NCAR,CESM2,historical,r10i1p1f1,False,False,incomplete,none,False,False,False,False,False,True,True,False,gn,185001010000,201501010000,6hrLev:hus|6hrLev:ps|6hrLev:ua|6hrLev:va|6hrPlev:hus|6hrPlevPt:ua,verified fixed-pressure ua+va or vo at 850/700/500 hPa|six-hourly-or-better psl,regional subset and common-grid standardisation|classification without native 10-m vector wind|precipitation diagnostics unavailable
CMIP,NCC,NorESM2-LM,abrupt-4xCO2,r1i1p1f1,False,False,incomplete,none,False,False,False,True,False,False,False,False,gn,012105270300,013908072100,6hrPlev:pr,verified fixed-pressure ua+va or vo at 850/700/500 hPa|six-hourly-or-better psl,regional subset and common-grid standardisation|classification without native 10-m vector wind
CMIP,NCC,NorESM2-LM,amip,r1i1p1f1,False,False,incomplete,none,False,False,False,False,True,False,True,False,gn,197901010600,201501010000,6hrLev:ps|6hrLev:ta|6hrPlevPt:ta,verified fixed-pressure ua+va or vo at 850/700/500 hPa|six-hourly-or-better psl,regional subset and common-grid standardisation|classification without native 10-m vector wind|precipitation diagnostics unavailable
CMIP,NCC,NorESM2-LM,historical,r1i1p1f1,False,False,candidate_fields_present_levels_unverified,6hrPlevPt:ua+va,False,True,False,True,True,True,True,False,gn,195001010300,201501010000,6hrLev:hus|6hrLev:ps|6hrLev:ta|6hrLev:ua|6hrLev:va|6hrPlev:pr|6hrPlev:psl|6hrPlevPt:hus|6hrPlevPt:psl|6hrPlevPt:ta|6hrPlevPt:ua|6hrPlevPt:va|6hrPlevPt:zg,verified fixed-pressure ua+va or vo at 850/700/500 hPa,regional subset and common-grid standardisation|classification without native 10-m vector wind
CMIP,NCC,NorESM2-LM,piControl,r1i1p1f1,False,False,candidate_fields_present_levels_unverified,6hrPlevPt:ua+va,False,True,False,True,False,False,False,False,gn,170101010300,190012312100,6hrLev:ua|6hrLev:va|6hrPlev:pr|6hrPlev:psl|6hrPlevPt:psl|6hrPlevPt:ua|6hrPlevPt:va|6hrPlevPt:zg,verified fixed-pressure ua+va or vo at 850/700/500 hPa,regional subset and common-grid standardisation|classification without native 10-m vector wind
CMIP,NCC,NorESM2-MM,abrupt-4xCO2,r1i1p1f1,False,False,incomplete,none,False,False,False,True,False,False,False,False,gn,012101010300,015012312100,6hrPlev:pr,verified fixed-pressure ua+va or vo at 850/700/500 hPa|six-hourly-or-better psl,regional subset and common-grid standardisation|classification without native 10-m vector wind
CMIP,NCC,NorESM2-MM,historical,r1i1p1f1,False,False,candidate_fields_present_levels_unverified,6hrPlevPt:ua+va,False,True,False,True,True,True,True,False,gn,195001010300,201412312100,6hrLev:hus|6hrLev:ps|6hrLev:ta|6hrLev:ua|6hrLev:va|6hrPlev:pr|6hrPlev:psl|6hrPlevPt:hus|6hrPlevPt:psl|6hrPlevPt:ta|6hrPlevPt:ua|6hrPlevPt:va|6hrPlevPt:zg,verified fixed-pressure ua+va or vo at 850/700/500 hPa,regional subset and common-grid standardisation|classification without native 10-m vector wind
CMIP,NCC,NorESM2-MM,piControl,r1i1p1f1,False,False,candidate_fields_present_levels_unverified,6hrPlevPt:ua+va,False,True,False,True,False,False,False,False,gn,130001010300,145101010000,6hrLev:ta|6hrLev:ua|6hrLev:va|6hrPlev:pr|6hrPlev:psl|6hrPlevPt:psl|6hrPlevPt:ua|6hrPlevPt:va|6hrPlevPt:zg,verified fixed-pressure ua+va or vo at 850/700/500 hPa,regional subset and common-grid standardisation|classification without native 10-m vector wind
CMIP,NIMS-KMA,KACE-1-0-G,abrupt-4xCO2,r1i1p1f1,False,False,incomplete,none,False,False,False,True,False,False,False,False,gr,190001010130,192912302230,3hr:pr,verified fixed-pressure ua+va or vo at 850/700/500 hPa|six-hourly-or-better psl,regional subset and common-grid standardisation|classification without native 10-m vector wind
CMIP,NIMS-KMA,KACE-1-0-G,historical,r1i1p1f1,False,False,candidate_fields_present_levels_unverified,6hrPlevPt:ua+va,False,True,True,True,True,False,True,False,gr,185001010130,201412302230,3hr:pr|3hr:ps|3hr:uas|3hr:vas|6hrLev:hus|6hrLev:ps|6hrLev:ta|6hrPlevPt:psl|6hrPlevPt:ta|6hrPlevPt:ua|6hrPlevPt:va,verified fixed-pressure ua+va or vo at 850/700/500 hPa,regional subset and common-grid standardisation
CMIP,NIMS-KMA,KACE-1-0-G,piControl,r1i1p1f1,False,False,incomplete,none,False,True,False,False,False,False,False,False,gr,202401010300,244912302100,6hrPlevPt:psl,verified fixed-pressure ua+va or vo at 850/700/500 hPa,regional subset and common-grid standardisation|classification without native 10-m vector wind|precipitation diagnostics unavailable
CMIP,NOAA-GFDL,GFDL-CM4,abrupt-4xCO2,r1i1p1f1,False,False,incomplete,none,False,False,False,True,False,False,False,False,gr1|gr2,000101010130,015012312230,3hr:pr,verified fixed-pressure ua+va or vo at 850/700/500 hPa|six-hourly-or-better psl,regional subset and common-grid standardisation|classification without native 10-m vector wind
CMIP,NOAA-GFDL,GFDL-CM4,amip,r1i1p1f1,False,False,incomplete,none,False,False,True,False,True,False,False,False,gr1|gr2,197901010300,201501010000,3hr:uas|3hr:vas|6hrPlevPt:ta,verified fixed-pressure ua+va or vo at 850/700/500 hPa|six-hourly-or-better psl,regional subset and common-grid standardisation|precipitation diagnostics unavailable
CMIP,NOAA-GFDL,GFDL-CM4,historical,r1i1p1f1,False,False,candidate_fields_present_levels_unverified,6hrPlevPt:ua+va,False,True,True,True,True,False,True,False,gr1|gr2,195001010600,201501010000,3hr:pr|3hr:ps|3hr:uas|3hr:vas|6hrLev:hus|6hrLev:ps|6hrLev:ta|6hrPlevPt:psl|6hrPlevPt:ta|6hrPlevPt:ua|6hrPlevPt:va,verified fixed-pressure ua+va or vo at 850/700/500 hPa,regional subset and common-grid standardisation
CMIP,NOAA-GFDL,GFDL-CM4,piControl,r1i1p1f1,False,False,candidate_fields_present_levels_unverified,6hrPlevPt:ua+va,False,True,True,True,True,False,False,False,gr1|gr2,038601010130,041601010000,3hr:pr|3hr:uas|3hr:vas|6hrPlevPt:psl|6hrPlevPt:ta|6hrPlevPt:ua|6hrPlevPt:va,verified fixed-pressure ua+va or vo at 850/700/500 hPa,regional subset and common-grid standardisation
CMIP,NOAA-GFDL,GFDL-ESM4,abrupt-4xCO2,r1i1p1f1,False,False,incomplete,none,False,False,False,True,False,False,False,False,gr1,000101010130,015012312230,3hr:pr,verified fixed-pressure ua+va or vo at 850/700/500 hPa|six-hourly-or-better psl,regional subset and common-grid standardisation|classification without native 10-m vector wind
CMIP,NOAA-GFDL,GFDL-ESM4,esm-hist,r1i1p1f1,False,False,incomplete,none,False,False,False,True,False,False,False,False,gr1,185001010130,201412312230,3hr:pr,verified fixed-pressure ua+va or vo at 850/700/500 hPa|six-hourly-or-better psl,regional subset and common-grid standardisation|classification without native 10-m vector wind
CMIP,NOAA-GFDL,GFDL-ESM4,historical,r1i1p1f1,False,False,candidate_fields_present_levels_unverified,6hrPlevPt:ua+va,False,True,True,True,True,False,False,False,gr1,185001010130,201501010000,3hr:pr|3hr:uas|3hr:vas|6hrPlevPt:psl|6hrPlevPt:ta|6hrPlevPt:ua|6hrPlevPt:va,verified fixed-pressure ua+va or vo at 850/700/500 hPa,regional subset and common-grid standardisation
CMIP,NOAA-GFDL,GFDL-ESM4,piControl,r1i1p1f1,False,False,incomplete,none,False,False,True,True,False,False,False,False,gr1,000101010130,050101010000,3hr:pr|3hr:uas|3hr:vas,verified fixed-pressure ua+va or vo at 850/700/500 hPa|six-hourly-or-better psl,regional subset and common-grid standardisation
CMIP,NUIST,NESM3,abrupt-4xCO2,r1i1p1f1,False,False,incomplete,none,False,False,False,True,False,False,False,False,gn,185001010130,199912312230,3hr:pr,verified fixed-pressure ua+va or vo at 850/700/500 hPa|six-hourly-or-better psl,regional subset and common-grid standardisation|classification without native 10-m vector wind
CMIP,NUIST,NESM3,amip,r1i1p1f1,False,False,incomplete,none,False,False,True,False,False,False,False,False,gn,197901010130,201412312230,3hr:uas|3hr:vas,verified fixed-pressure ua+va or vo at 850/700/500 hPa|six-hourly-or-better psl,regional subset and common-grid standardisation|precipitation diagnostics unavailable
CMIP,NUIST,NESM3,amip,r2i1p1f1,False,False,incomplete,none,False,False,True,False,False,False,False,False,gn,197901010130,201412312230,3hr:uas|3hr:vas,verified fixed-pressure ua+va or vo at 850/700/500 hPa|six-hourly-or-better psl,regional subset and common-grid standardisation|precipitation diagnostics unavailable
CMIP,NUIST,NESM3,historical,r1i1p1f1,False,False,candidate_fields_present_levels_unverified,6hrPlevPt:ua+va,False,True,True,True,True,False,True,False,gn,195001010300,201412312230,3hr:pr|3hr:ps|3hr:uas|3hr:vas|6hrLev:hus|6hrLev:ps|6hrLev:ta|6hrLev:ua|6hrLev:va|6hrPlevPt:psl|6hrPlevPt:ta|6hrPlevPt:ua|6hrPlevPt:va,verified fixed-pressure ua+va or vo at 850/700/500 hPa,regional subset and common-grid standardisation
CMIP,NUIST,NESM3,historical,r2i1p1f1,False,False,incomplete,none,False,False,True,False,False,False,False,False,gn,196001010130,201412312230,3hr:uas|3hr:vas,verified fixed-pressure ua+va or vo at 850/700/500 hPa|six-hourly-or-better psl,regional subset and common-grid standardisation|precipitation diagnostics unavailable
CMIP,NUIST,NESM3,historical,r3i1p1f1,False,False,incomplete,none,False,False,False,False,True,False,False,False,gn,195001010300,201412312100,6hrPlevPt:ta,verified fixed-pressure ua+va or vo at 850/700/500 hPa|six-hourly-or-better psl,regional subset and common-grid standardisation|classification without native 10-m vector wind|precipitation diagnostics unavailable
CMIP,NUIST,NESM3,historical,r5i1p1f1,False,False,incomplete,none,False,False,False,False,True,False,False,False,gn,195001010300,201412312100,6hrPlevPt:ta,verified fixed-pressure ua+va or vo at 850/700/500 hPa|six-hourly-or-better psl,regional subset and common-grid standardisation|classification without native 10-m vector wind|precipitation diagnostics unavailable
CMIP,NUIST,NESM3,piControl,r1i1p1f1,False,False,candidate_fields_present_levels_unverified,6hrPlevPt:ua+va,False,True,True,True,True,False,False,False,gn,070001010130,072912312230,3hr:pr|3hr:uas|3hr:vas|6hrPlevPt:psl|6hrPlevPt:ta|6hrPlevPt:ua|6hrPlevPt:va,verified fixed-pressure ua+va or vo at 850/700/500 hPa,regional subset and common-grid standardisation
CMIP,SNU,SAM0-UNICON,abrupt-4xCO2,r1i1p1f1,False,False,incomplete,none,False,False,False,True,False,False,False,False,gn,197001010130,199912312230,3hr:pr,verified fixed-pressure ua+va or vo at 850/700/500 hPa|six-hourly-or-better psl,regional subset and common-grid standardisation|classification without native 10-m vector wind
CMIP,SNU,SAM0-UNICON,amip,r1i1p1f1,False,False,incomplete,none,False,False,False,False,True,False,True,False,gn,197901010130,201412312230,3hr:ps|6hrLev:ps|6hrLev:ta|6hrPlevPt:ta,verified fixed-pressure ua+va or vo at 850/700/500 hPa|six-hourly-or-better psl,regional subset and common-grid standardisation|classification without native 10-m vector wind|precipitation diagnostics unavailable
CMIP,SNU,SAM0-UNICON,historical,r1i1p1f1,False,False,candidate_fields_present_levels_unverified,6hrPlevPt:ua+va,False,True,False,True,True,False,True,False,gn,195001010130,201412312230,3hr:pr|3hr:ps|6hrLev:ps|6hrLev:ta|6hrLev:ua|6hrLev:va|6hrPlevPt:psl|6hrPlevPt:ta|6hrPlevPt:ua|6hrPlevPt:va,verified fixed-pressure ua+va or vo at 850/700/500 hPa,regional subset and common-grid standardisation|classification without native 10-m vector wind
HighResMIP,CMCC,CMCC-CM2-HR4,control-1950,r1i1p1f1,True,False,candidate_ready,6hrPlevPt:ua+va,True,True,True,False,True,True,False,True,gn,195001010000,205012311800,6hrPlev:psl|6hrPlevPt:hus|6hrPlevPt:psl|6hrPlevPt:ta|6hrPlevPt:ua|6hrPlevPt:uas|6hrPlevPt:va|6hrPlevPt:vas,,regional subset and common-grid standardisation|precipitation diagnostics unavailable
HighResMIP,CMCC,CMCC-CM2-HR4,highres-future,r1i1p1f1,True,False,candidate_ready,6hrPlevPt:ua+va,True,True,True,False,True,True,False,True,gn,201501010000,205012311800,6hrPlev:psl|6hrPlevPt:hus|6hrPlevPt:psl|6hrPlevPt:ta|6hrPlevPt:ua|6hrPlevPt:uas|6hrPlevPt:va|6hrPlevPt:vas,,regional subset and common-grid standardisation|precipitation diagnostics unavailable
HighResMIP,CMCC,CMCC-CM2-HR4,highresSST-future,r1i1p1f1,True,False,candidate_ready,6hrPlevPt:ua+va,True,True,True,False,False,True,False,True,gn,201501010000,205012311800,6hrPlev:psl|6hrPlevPt:hus|6hrPlevPt:psl|6hrPlevPt:ua|6hrPlevPt:uas|6hrPlevPt:va|6hrPlevPt:vas,,regional subset and common-grid standardisation|precipitation diagnostics unavailable
HighResMIP,CMCC,CMCC-CM2-HR4,highresSST-present,r1i1p1f1,True,False,candidate_ready,6hrPlevPt:ua+va,True,True,True,False,False,True,False,True,gn,194801010000,201412311800,6hrPlev:psl|6hrPlevPt:hus|6hrPlevPt:psl|6hrPlevPt:ua|6hrPlevPt:uas|6hrPlevPt:va|6hrPlevPt:vas,,regional subset and common-grid standardisation|precipitation diagnostics unavailable
HighResMIP,CMCC,CMCC-CM2-HR4,hist-1950,r1i1p1f1,True,False,candidate_ready,6hrPlevPt:ua+va,True,True,True,False,True,True,False,False,gn,195001010000,201412311800,6hrPlev:psl|6hrPlevPt:hus|6hrPlevPt:psl|6hrPlevPt:ta|6hrPlevPt:ua|6hrPlevPt:uas|6hrPlevPt:va|6hrPlevPt:vas,,regional subset and common-grid standardisation|precipitation diagnostics unavailable
HighResMIP,CMCC,CMCC-CM2-VHR4,control-1950,r1i1p1f1,True,False,candidate_ready,6hrPlevPt:ua+va,True,True,True,False,True,True,False,True,gn,195001010000,205012311800,6hrPlev:psl|6hrPlevPt:hus|6hrPlevPt:psl|6hrPlevPt:ta|6hrPlevPt:ua|6hrPlevPt:uas|6hrPlevPt:va|6hrPlevPt:vas,,regional subset and common-grid standardisation|precipitation diagnostics unavailable
HighResMIP,CMCC,CMCC-CM2-VHR4,highres-future,r1i1p1f1,True,False,candidate_ready,6hrPlevPt:ua+va,True,True,True,False,True,True,False,True,gn,201501010000,205012311800,6hrPlev:psl|6hrPlevPt:hus|6hrPlevPt:psl|6hrPlevPt:ta|6hrPlevPt:ua|6hrPlevPt:uas|6hrPlevPt:va|6hrPlevPt:vas,,regional subset and common-grid standardisation|precipitation diagnostics unavailable
HighResMIP,CMCC,CMCC-CM2-VHR4,highresSST-future,r1i1p1f1,True,False,candidate_ready,6hrPlevPt:ua+va,True,True,True,False,False,True,False,True,gn,201501010000,205012311800,6hrPlev:psl|6hrPlevPt:hus|6hrPlevPt:psl|6hrPlevPt:ua|6hrPlevPt:uas|6hrPlevPt:va|6hrPlevPt:vas,,regional subset and common-grid standardisation|precipitation diagnostics unavailable
HighResMIP,CMCC,CMCC-CM2-VHR4,highresSST-present,r1i1p1f1,True,False,candidate_ready,6hrPlevPt:ua+va,True,True,True,False,False,True,False,True,gn,195001010000,20141231180000,6hrPlev:psl|6hrPlevPt:hus|6hrPlevPt:psl|6hrPlevPt:ua|6hrPlevPt:uas|6hrPlevPt:va|6hrPlevPt:vas,,regional subset and common-grid standardisation|precipitation diagnostics unavailable
HighResMIP,CMCC,CMCC-CM2-VHR4,hist-1950,r1i1p1f1,True,False,candidate_ready,6hrPlevPt:ua+va,True,True,True,False,True,True,False,False,gn,195001010000,201412311800,6hrPlev:psl|6hrPlevPt:hus|6hrPlevPt:psl|6hrPlevPt:ta|6hrPlevPt:ua|6hrPlevPt:uas|6hrPlevPt:va|6hrPlevPt:vas,,regional subset and common-grid standardisation|precipitation diagnostics unavailable
HighResMIP,CNRM-CERFACS,CNRM-CM6-1,control-1950,r1i1p1f2,True,True,candidate_ready,6hrPlevPt:ua+va,True,True,True,True,True,True,True,True,gr,195001010130,205001010000,3hr:pr|3hr:ps|3hr:uas|3hr:vas|6hrPlev:hus|6hrPlevPt:hus|6hrPlevPt:psl|6hrPlevPt:ta|6hrPlevPt:ua|6hrPlevPt:uas|6hrPlevPt:va|6hrPlevPt:vas|6hrPlevPt:zg,,regional subset and common-grid standardisation
HighResMIP,CNRM-CERFACS,CNRM-CM6-1,highres-future,r1i1p1f2,True,True,candidate_ready,6hrPlevPt:ua+va,True,True,True,True,True,True,True,True,gr,201501010130,205101010000,3hr:pr|3hr:ps|3hr:uas|3hr:vas|6hrPlev:hus|6hrPlevPt:hus|6hrPlevPt:psl|6hrPlevPt:ta|6hrPlevPt:ua|6hrPlevPt:uas|6hrPlevPt:va|6hrPlevPt:vas|6hrPlevPt:zg,,regional subset and common-grid standardisation
HighResMIP,CNRM-CERFACS,CNRM-CM6-1,highresSST-future,r1i1p1f2,True,False,candidate_ready,6hrPlevPt:ua+va,True,True,True,False,True,True,False,True,gr,201501010300,205101010000,6hrPlev:hus|6hrPlevPt:hus|6hrPlevPt:psl|6hrPlevPt:ta|6hrPlevPt:ua|6hrPlevPt:uas|6hrPlevPt:va|6hrPlevPt:vas|6hrPlevPt:zg,,regional subset and common-grid standardisation|precipitation diagnostics unavailable
HighResMIP,CNRM-CERFACS,CNRM-CM6-1,highresSST-present,r1i1p1f2,True,True,candidate_ready,6hrPlevPt:ua+va,True,True,True,True,True,True,True,True,gr,195001010130,201501010000,3hr:pr|3hr:ps|3hr:uas|3hr:vas|6hrPlev:hus|6hrPlevPt:hus|6hrPlevPt:psl|6hrPlevPt:ta|6hrPlevPt:ua|6hrPlevPt:uas|6hrPlevPt:va|6hrPlevPt:vas|6hrPlevPt:zg,,regional subset and common-grid standardisation
HighResMIP,CNRM-CERFACS,CNRM-CM6-1,hist-1950,r1i1p1f2,True,True,candidate_ready,6hrPlevPt:ua+va,True,True,True,True,True,True,True,False,gr,195001010130,201501010000,3hr:pr|3hr:ps|3hr:uas|3hr:vas|6hrPlev:hus|6hrPlevPt:hus|6hrPlevPt:psl|6hrPlevPt:ta|6hrPlevPt:ua|6hrPlevPt:uas|6hrPlevPt:va|6hrPlevPt:vas|6hrPlevPt:zg,,regional subset and common-grid standardisation
HighResMIP,CNRM-CERFACS,CNRM-CM6-1,spinup-1950,r1i1p1f2,True,True,candidate_ready,6hrPlevPt:ua+va,True,True,True,True,True,True,True,True,gr,195001010130,198001010000,3hr:pr|3hr:ps|3hr:uas|3hr:vas|6hrPlev:hus|6hrPlevPt:hus|6hrPlevPt:psl|6hrPlevPt:ta|6hrPlevPt:ua|6hrPlevPt:uas|6hrPlevPt:va|6hrPlevPt:vas|6hrPlevPt:zg,,regional subset and common-grid standardisation
HighResMIP,CNRM-CERFACS,CNRM-CM6-1-HR,control-1950,r1i1p1f2,True,True,candidate_ready,6hrPlevPt:ua+va,True,True,True,True,True,True,False,True,gr,195001010130,205001010000,3hr:pr|6hrPlevPt:hus|6hrPlevPt:psl|6hrPlevPt:ta|6hrPlevPt:ua|6hrPlevPt:uas|6hrPlevPt:va|6hrPlevPt:vas|6hrPlevPt:zg,,regional subset and common-grid standardisation
HighResMIP,CNRM-CERFACS,CNRM-CM6-1-HR,highres-future,r1i1p1f2,True,False,candidate_ready,6hrPlevPt:ua+va,True,True,True,False,False,False,False,True,gr,201501010600,205101010000,6hrPlevPt:psl|6hrPlevPt:ua|6hrPlevPt:uas|6hrPlevPt:va|6hrPlevPt:vas|6hrPlevPt:zg,,regional subset and common-grid standardisation|precipitation diagnostics unavailable
HighResMIP,CNRM-CERFACS,CNRM-CM6-1-HR,highresSST-future,r1i1p1f2,True,False,candidate_ready,6hrPlevPt:ua+va,True,True,True,False,True,True,False,True,gr,201501010300,205101010000,6hrPlev:hus|6hrPlevPt:hus|6hrPlevPt:psl|6hrPlevPt:ta|6hrPlevPt:ua|6hrPlevPt:uas|6hrPlevPt:va|6hrPlevPt:vas|6hrPlevPt:zg,,regional subset and common-grid standardisation|precipitation diagnostics unavailable
HighResMIP,CNRM-CERFACS,CNRM-CM6-1-HR,highresSST-present,r1i1p1f2,True,True,candidate_ready,6hrPlevPt:ua+va,True,True,True,True,True,True,True,True,gr,195001010130,201501010000,3hr:pr|3hr:ps|3hr:uas|3hr:vas|6hrPlevPt:hus|6hrPlevPt:psl|6hrPlevPt:ta|6hrPlevPt:ua|6hrPlevPt:uas|6hrPlevPt:va|6hrPlevPt:vas|6hrPlevPt:zg,,regional subset and common-grid standardisation
HighResMIP,CNRM-CERFACS,CNRM-CM6-1-HR,hist-1950,r1i1p1f2,True,True,candidate_ready,6hrPlevPt:ua+va,True,True,True,True,True,True,False,False,gr,195001010130,201501010000,3hr:pr|6hrPlevPt:hus|6hrPlevPt:psl|6hrPlevPt:ta|6hrPlevPt:ua|6hrPlevPt:uas|6hrPlevPt:va|6hrPlevPt:vas|6hrPlevPt:zg,,regional subset and common-grid standardisation
HighResMIP,EC-Earth-Consortium,EC-Earth3P,control-1950,r1i1p2f1,True,True,candidate_ready,6hrPlevPt:ua+va,True,True,True,True,True,True,True,True,gr,195001010000,204912311800,3hr:pr|3hr:ps|3hr:uas|3hr:vas|6hrPlev:psl|6hrPlevPt:hus|6hrPlevPt:ta|6hrPlevPt:ua|6hrPlevPt:uas|6hrPlevPt:va|6hrPlevPt:vas|6hrPlevPt:zg,,regional subset and common-grid standardisation
HighResMIP,EC-Earth-Consortium,EC-Earth3P,control-1950,r2i1p2f1,True,True,candidate_ready,6hrPlevPt:ua+va,True,True,True,True,True,True,True,True,gr,195001010000,204912312100,3hr:pr|3hr:ps|3hr:uas|3hr:vas|6hrPlev:psl|6hrPlevPt:hus|6hrPlevPt:psl|6hrPlevPt:ta|6hrPlevPt:ua|6hrPlevPt:uas|6hrPlevPt:va|6hrPlevPt:vas|6hrPlevPt:zg,,regional subset and common-grid standardisation
HighResMIP,EC-Earth-Consortium,EC-Earth3P,control-1950,r3i1p2f1,False,False,incomplete,none,False,True,True,True,False,False,False,False,gr,195101010000,206212312100,3hr:pr|3hr:uas|3hr:vas|6hrPlev:psl|6hrPlevPt:uas|6hrPlevPt:vas|6hrPlevPt:zg,verified fixed-pressure ua+va or vo at 850/700/500 hPa,regional subset and common-grid standardisation
HighResMIP,EC-Earth-Consortium,EC-Earth3P,highres-future,r1i1p2f1,True,True,candidate_ready,6hrPlevPt:ua+va,True,True,True,True,True,True,True,True,gr,201501010000,205012312100,3hr:pr|3hr:ps|3hr:uas|3hr:vas|6hrPlev:psl|6hrPlevPt:hus|6hrPlevPt:psl|6hrPlevPt:ta|6hrPlevPt:ua|6hrPlevPt:uas|6hrPlevPt:va|6hrPlevPt:vas|6hrPlevPt:zg,,regional subset and common-grid standardisation
HighResMIP,EC-Earth-Consortium,EC-Earth3P,highres-future,r2i1p2f1,True,True,candidate_ready,6hrPlevPt:ua+va,True,True,True,True,True,True,True,True,gr,201501010000,205012312100,3hr:pr|3hr:ps|3hr:uas|3hr:vas|6hrPlev:psl|6hrPlevPt:hus|6hrPlevPt:psl|6hrPlevPt:ta|6hrPlevPt:ua|6hrPlevPt:uas|6hrPlevPt:va|6hrPlevPt:vas|6hrPlevPt:zg,,regional subset and common-grid standardisation
HighResMIP,EC-Earth-Consortium,EC-Earth3P,highres-future,r3i1p2f1,False,False,incomplete,none,False,True,True,True,False,False,False,False,gr,201501010000,209912312100,3hr:pr|3hr:uas|3hr:vas|6hrPlev:psl|6hrPlevPt:uas|6hrPlevPt:vas|6hrPlevPt:zg,verified fixed-pressure ua+va or vo at 850/700/500 hPa,regional subset and common-grid standardisation
HighResMIP,EC-Earth-Consortium,EC-Earth3P,highresSST-future,r1i1p1f1,True,True,candidate_ready,6hrPlevPt:ua+va,True,True,True,True,True,True,True,False,gr,201501010000,204912312100,3hr:pr|3hr:ps|3hr:uas|3hr:vas|6hrPlev:psl|6hrPlevPt:hus|6hrPlevPt:psl|6hrPlevPt:ta|6hrPlevPt:ua|6hrPlevPt:uas|6hrPlevPt:va|6hrPlevPt:vas|6hrPlevPt:zg,,regional subset and common-grid standardisation
HighResMIP,EC-Earth-Consortium,EC-Earth3P,highresSST-future,r2i1p1f1,True,True,candidate_ready,6hrPlevPt:ua+va,True,True,True,True,True,True,True,False,gr,201501010000,205012312100,3hr:pr|3hr:ps|3hr:uas|3hr:vas|6hrPlev:psl|6hrPlevPt:hus|6hrPlevPt:psl|6hrPlevPt:ta|6hrPlevPt:ua|6hrPlevPt:uas|6hrPlevPt:va|6hrPlevPt:vas|6hrPlevPt:zg,,regional subset and common-grid standardisation
HighResMIP,EC-Earth-Consortium,EC-Earth3P,highresSST-future,r3i1p1f1,True,True,candidate_ready,6hrPlevPt:ua+va,True,True,True,True,True,True,True,False,gr,201501010000,205012312100,3hr:pr|3hr:ps|3hr:uas|3hr:vas|6hrPlev:psl|6hrPlevPt:hus|6hrPlevPt:psl|6hrPlevPt:ta|6hrPlevPt:ua|6hrPlevPt:uas|6hrPlevPt:va|6hrPlevPt:vas|6hrPlevPt:zg,,regional subset and common-grid standardisation
HighResMIP,EC-Earth-Consortium,EC-Earth3P,highresSST-present,r1i1p1f1,True,True,candidate_ready,6hrPlevPt:ua+va,True,True,True,True,True,True,False,False,gr,195001010000,201512311800,3hr:pr|3hr:uas|3hr:vas|6hrPlev:psl|6hrPlevPt:hus|6hrPlevPt:psl|6hrPlevPt:ta|6hrPlevPt:ua|6hrPlevPt:uas|6hrPlevPt:va|6hrPlevPt:vas|6hrPlevPt:zg,,regional subset and common-grid standardisation
HighResMIP,EC-Earth-Consortium,EC-Earth3P,highresSST-present,r2i1p1f1,True,True,candidate_ready,6hrPlevPt:ua+va,True,True,True,True,True,True,True,False,gr,195001010000,201412312100,3hr:pr|3hr:ps|3hr:uas|3hr:vas|6hrPlev:psl|6hrPlevPt:hus|6hrPlevPt:psl|6hrPlevPt:ta|6hrPlevPt:ua|6hrPlevPt:uas|6hrPlevPt:va|6hrPlevPt:vas|6hrPlevPt:zg,,regional subset and common-grid standardisation
HighResMIP,EC-Earth-Consortium,EC-Earth3P,highresSST-present,r3i1p1f1,True,True,candidate_ready,6hrPlevPt:ua+va,True,True,True,True,True,True,True,False,gr,195001010000,201412312100,3hr:pr|3hr:ps|3hr:uas|3hr:vas|6hrPlev:psl|6hrPlevPt:hus|6hrPlevPt:psl|6hrPlevPt:ta|6hrPlevPt:ua|6hrPlevPt:uas|6hrPlevPt:va|6hrPlevPt:vas|6hrPlevPt:zg,,regional subset and common-grid standardisation
HighResMIP,EC-Earth-Consortium,EC-Earth3P,hist-1950,r1i1p2f1,True,True,candidate_ready,6hrPlevPt:ua+va,True,True,True,True,True,True,True,False,gr,195001010000,201412312100,3hr:pr|3hr:ps|3hr:uas|3hr:vas|6hrPlev:psl|6hrPlevPt:hus|6hrPlevPt:psl|6hrPlevPt:ta|6hrPlevPt:ua|6hrPlevPt:uas|6hrPlevPt:va|6hrPlevPt:vas|6hrPlevPt:zg,,regional subset and common-grid standardisation
HighResMIP,EC-Earth-Consortium,EC-Earth3P,hist-1950,r2i1p2f1,True,True,candidate_ready,6hrPlevPt:ua+va,True,True,True,True,True,True,True,False,gr,195001010000,201412312100,3hr:pr|3hr:ps|3hr:uas|3hr:vas|6hrPlev:psl|6hrPlevPt:hus|6hrPlevPt:psl|6hrPlevPt:ta|6hrPlevPt:ua|6hrPlevPt:uas|6hrPlevPt:va|6hrPlevPt:vas|6hrPlevPt:zg,,regional subset and common-grid standardisation
HighResMIP,EC-Earth-Consortium,EC-Earth3P,hist-1950,r3i1p2f1,False,False,incomplete,none,False,True,True,True,False,False,False,False,gr,195001010000,201412312100,3hr:pr|3hr:uas|3hr:vas|6hrPlev:psl|6hrPlevPt:uas|6hrPlevPt:vas|6hrPlevPt:zg,verified fixed-pressure ua+va or vo at 850/700/500 hPa,regional subset and common-grid standardisation
HighResMIP,EC-Earth-Consortium,EC-Earth3P-HR,control-1950,r1i1p2f1,True,True,candidate_ready,6hrPlevPt:ua+va,True,True,True,True,True,True,True,True,gr,195001010000,204912312100,3hr:pr|3hr:ps|3hr:uas|3hr:vas|6hrPlev:psl|6hrPlevPt:hus|6hrPlevPt:psl|6hrPlevPt:ta|6hrPlevPt:ua|6hrPlevPt:uas|6hrPlevPt:va|6hrPlevPt:vas|6hrPlevPt:zg,,regional subset and common-grid standardisation
HighResMIP,EC-Earth-Consortium,EC-Earth3P-HR,control-1950,r2i1p2f1,True,True,candidate_ready,6hrPlevPt:ua+va,True,True,True,True,True,True,True,True,gr,195001010000,205012312100,3hr:pr|3hr:ps|3hr:uas|3hr:vas|6hrPlev:psl|6hrPlevPt:hus|6hrPlevPt:psl|6hrPlevPt:ta|6hrPlevPt:ua|6hrPlevPt:uas|6hrPlevPt:va|6hrPlevPt:vas|6hrPlevPt:zg,,regional subset and common-grid standardisation
HighResMIP,EC-Earth-Consortium,EC-Earth3P-HR,control-1950,r3i1p2f1,False,False,incomplete,none,False,True,True,True,False,False,False,False,gr,195001010000,209912311800,3hr:pr|3hr:uas|3hr:vas|6hrPlev:psl|6hrPlevPt:uas|6hrPlevPt:vas|6hrPlevPt:zg,verified fixed-pressure ua+va or vo at 850/700/500 hPa,regional subset and common-grid standardisation
HighResMIP,EC-Earth-Consortium,EC-Earth3P-HR,highres-future,r1i1p2f1,True,True,candidate_ready,6hrPlevPt:ua+va,True,True,True,True,True,True,True,True,gr,201501010000,205012312100,3hr:pr|3hr:ps|3hr:uas|3hr:vas|6hrPlev:psl|6hrPlevPt:hus|6hrPlevPt:psl|6hrPlevPt:ta|6hrPlevPt:ua|6hrPlevPt:uas|6hrPlevPt:va|6hrPlevPt:vas|6hrPlevPt:zg,,regional subset and common-grid standardisation
HighResMIP,EC-Earth-Consortium,EC-Earth3P-HR,highres-future,r2i1p2f1,True,True,candidate_ready,6hrPlevPt:ua+va,True,True,True,True,True,True,True,True,gr,201501010000,205012312100,3hr:pr|3hr:ps|3hr:uas|3hr:vas|6hrPlev:psl|6hrPlevPt:hus|6hrPlevPt:psl|6hrPlevPt:ta|6hrPlevPt:ua|6hrPlevPt:uas|6hrPlevPt:va|6hrPlevPt:vas|6hrPlevPt:zg,,regional subset and common-grid standardisation
HighResMIP,EC-Earth-Consortium,EC-Earth3P-HR,highres-future,r3i1p2f1,False,False,incomplete,none,False,True,True,True,False,False,False,False,gr,201501010000,209912312100,3hr:pr|3hr:uas|3hr:vas|6hrPlev:psl|6hrPlevPt:uas|6hrPlevPt:vas|6hrPlevPt:zg,verified fixed-pressure ua+va or vo at 850/700/500 hPa,regional subset and common-grid standardisation
HighResMIP,EC-Earth-Consortium,EC-Earth3P-HR,highresSST-future,r1i1p1f1,True,True,candidate_ready,6hrPlevPt:ua+va,True,True,True,True,True,True,True,False,gr,201501010000,204912312100,3hr:pr|3hr:ps|3hr:uas|3hr:vas|6hrPlev:psl|6hrPlevPt:hus|6hrPlevPt:psl|6hrPlevPt:ta|6hrPlevPt:ua|6hrPlevPt:uas|6hrPlevPt:va|6hrPlevPt:vas|6hrPlevPt:zg,,regional subset and common-grid standardisation
HighResMIP,EC-Earth-Consortium,EC-Earth3P-HR,highresSST-future,r2i1p1f1,True,True,candidate_ready,6hrPlevPt:ua+va,True,True,True,True,True,True,True,False,gr,201501010000,205012312100,3hr:pr|3hr:ps|3hr:uas|3hr:vas|6hrPlev:psl|6hrPlevPt:hus|6hrPlevPt:psl|6hrPlevPt:ta|6hrPlevPt:ua|6hrPlevPt:uas|6hrPlevPt:va|6hrPlevPt:vas|6hrPlevPt:zg,,regional subset and common-grid standardisation
HighResMIP,EC-Earth-Consortium,EC-Earth3P-HR,highresSST-future,r3i1p1f1,True,True,candidate_ready,6hrPlevPt:ua+va,True,True,True,True,True,True,True,False,gr,201501010000,205012312100,3hr:pr|3hr:ps|3hr:uas|3hr:vas|6hrPlev:psl|6hrPlevPt:hus|6hrPlevPt:psl|6hrPlevPt:ta|6hrPlevPt:ua|6hrPlevPt:uas|6hrPlevPt:va|6hrPlevPt:vas|6hrPlevPt:zg,,regional subset and common-grid standardisation
HighResMIP,EC-Earth-Consortium,EC-Earth3P-HR,highresSST-present,r1i1p1f1,True,False,candidate_ready,6hrPlevPt:ua+va,True,True,True,True,True,False,False,False,gr,195001010000,201512311800,3hr:pr|3hr:uas|3hr:vas|6hrPlev:psl|6hrPlevPt:psl|6hrPlevPt:ta|6hrPlevPt:ua|6hrPlevPt:uas|6hrPlevPt:va|6hrPlevPt:vas|6hrPlevPt:zg,,regional subset and common-grid standardisation
HighResMIP,EC-Earth-Consortium,EC-Earth3P-HR,highresSST-present,r2i1p1f1,True,True,candidate_ready,6hrPlevPt:ua+va,True,True,True,True,True,True,True,False,gr,195001010000,201412312100,3hr:pr|3hr:ps|3hr:uas|3hr:vas|6hrPlev:psl|6hrPlevPt:hus|6hrPlevPt:psl|6hrPlevPt:ta|6hrPlevPt:ua|6hrPlevPt:uas|6hrPlevPt:va|6hrPlevPt:vas|6hrPlevPt:zg,,regional subset and common-grid standardisation
HighResMIP,EC-Earth-Consortium,EC-Earth3P-HR,highresSST-present,r3i1p1f1,True,True,candidate_ready,6hrPlevPt:ua+va,True,True,True,True,True,True,True,False,gr,195001010000,201412312100,3hr:pr|3hr:ps|3hr:uas|3hr:vas|6hrPlev:psl|6hrPlevPt:hus|6hrPlevPt:psl|6hrPlevPt:ta|6hrPlevPt:ua|6hrPlevPt:uas|6hrPlevPt:va|6hrPlevPt:vas|6hrPlevPt:zg,,regional subset and common-grid standardisation
HighResMIP,EC-Earth-Consortium,EC-Earth3P-HR,hist-1950,r1i1p2f1,True,True,candidate_ready,6hrPlevPt:ua+va,True,True,True,True,True,True,True,False,gr,195001010000,201412312100,3hr:pr|3hr:ps|3hr:uas|3hr:vas|6hrPlev:psl|6hrPlevPt:hus|6hrPlevPt:psl|6hrPlevPt:ta|6hrPlevPt:ua|6hrPlevPt:uas|6hrPlevPt:va|6hrPlevPt:vas|6hrPlevPt:zg,,regional subset and common-grid standardisation
HighResMIP,EC-Earth-Consortium,EC-Earth3P-HR,hist-1950,r2i1p2f1,True,True,candidate_ready,6hrPlevPt:ua+va,True,True,True,True,True,True,True,False,gr,195001010000,201412312100,3hr:pr|3hr:ps|3hr:uas|3hr:vas|6hrPlev:psl|6hrPlevPt:hus|6hrPlevPt:psl|6hrPlevPt:ta|6hrPlevPt:ua|6hrPlevPt:uas|6hrPlevPt:va|6hrPlevPt:vas|6hrPlevPt:zg,,regional subset and common-grid standardisation
HighResMIP,EC-Earth-Consortium,EC-Earth3P-HR,hist-1950,r3i1p2f1,False,False,incomplete,none,False,True,True,True,False,False,False,False,gr,195001010000,201412312100,3hr:pr|3hr:uas|3hr:vas|6hrPlev:psl|6hrPlevPt:uas|6hrPlevPt:vas|6hrPlevPt:zg,verified fixed-pressure ua+va or vo at 850/700/500 hPa,regional subset and common-grid standardisation
HighResMIP,ECMWF,ECMWF-IFS-HR,control-1950,r1i1p1f1,False,False,incomplete,none,False,True,True,False,False,False,False,True,gr,195001010000,204912311800,6hrPlevPt:psl|6hrPlevPt:uas|6hrPlevPt:vas,verified fixed-pressure ua+va or vo at 850/700/500 hPa,regional subset and common-grid standardisation|precipitation diagnostics unavailable
HighResMIP,ECMWF,ECMWF-IFS-HR,highresSST-present,r1i1p1f1,True,False,candidate_ready,6hrPlevPt:ua+va,True,True,True,False,True,True,False,True,gr,195001010000,201412311800,6hrPlevPt:hus|6hrPlevPt:psl|6hrPlevPt:ta|6hrPlevPt:ua|6hrPlevPt:uas|6hrPlevPt:va|6hrPlevPt:vas|6hrPlevPt:zg,,regional subset and common-grid standardisation|precipitation diagnostics unavailable
HighResMIP,ECMWF,ECMWF-IFS-HR,highresSST-present,r2i1p1f1,False,False,incomplete,none,False,True,True,False,False,False,False,False,gr,195001010000,201412311800,6hrPlevPt:psl|6hrPlevPt:uas|6hrPlevPt:vas,verified fixed-pressure ua+va or vo at 850/700/500 hPa,regional subset and common-grid standardisation|precipitation diagnostics unavailable
HighResMIP,ECMWF,ECMWF-IFS-HR,highresSST-present,r3i1p1f1,False,False,incomplete,none,False,True,True,False,False,False,False,False,gr,195001010000,201412311800,6hrPlevPt:psl|6hrPlevPt:uas|6hrPlevPt:vas,verified fixed-pressure ua+va or vo at 850/700/500 hPa,regional subset and common-grid standardisation|precipitation diagnostics unavailable
HighResMIP,ECMWF,ECMWF-IFS-HR,highresSST-present,r4i1p1f1,False,False,incomplete,none,False,True,True,False,False,False,False,False,gr,195001010000,201412311800,6hrPlevPt:psl|6hrPlevPt:uas|6hrPlevPt:vas,verified fixed-pressure ua+va or vo at 850/700/500 hPa,regional subset and common-grid standardisation|precipitation diagnostics unavailable
HighResMIP,ECMWF,ECMWF-IFS-HR,highresSST-present,r5i1p1f1,True,False,candidate_ready,6hrPlevPt:ua+va,True,True,True,False,True,True,False,True,gr,195001010000,201412311800,6hrPlevPt:hus|6hrPlevPt:psl|6hrPlevPt:ta|6hrPlevPt:ua|6hrPlevPt:uas|6hrPlevPt:va|6hrPlevPt:vas|6hrPlevPt:zg,,regional subset and common-grid standardisation|precipitation diagnostics unavailable
HighResMIP,ECMWF,ECMWF-IFS-HR,highresSST-present,r6i1p1f1,True,False,candidate_ready,6hrPlevPt:ua+va,True,True,True,False,True,True,False,True,gr,195001010000,201412311800,6hrPlevPt:hus|6hrPlevPt:psl|6hrPlevPt:ta|6hrPlevPt:ua|6hrPlevPt:uas|6hrPlevPt:va|6hrPlevPt:vas|6hrPlevPt:zg,,regional subset and common-grid standardisation|precipitation diagnostics unavailable
HighResMIP,ECMWF,ECMWF-IFS-HR,hist-1950,r1i1p1f1,True,False,candidate_ready,6hrPlevPt:ua+va,True,True,True,False,True,True,False,False,gr,195001010000,201412311800,6hrPlevPt:hus|6hrPlevPt:psl|6hrPlevPt:ta|6hrPlevPt:ua|6hrPlevPt:uas|6hrPlevPt:va|6hrPlevPt:vas|6hrPlevPt:zg,,regional subset and common-grid standardisation|precipitation diagnostics unavailable
HighResMIP,ECMWF,ECMWF-IFS-HR,hist-1950,r2i1p1f1,False,False,incomplete,none,False,True,True,False,False,False,False,False,gr,195001010000,201412311800,6hrPlevPt:psl|6hrPlevPt:uas|6hrPlevPt:vas,verified fixed-pressure ua+va or vo at 850/700/500 hPa,regional subset and common-grid standardisation|precipitation diagnostics unavailable
HighResMIP,ECMWF,ECMWF-IFS-HR,hist-1950,r3i1p1f1,False,False,incomplete,none,False,True,True,False,False,False,False,False,gr,195001010000,201412311800,6hrPlevPt:psl|6hrPlevPt:uas|6hrPlevPt:vas,verified fixed-pressure ua+va or vo at 850/700/500 hPa,regional subset and common-grid standardisation|precipitation diagnostics unavailable
HighResMIP,ECMWF,ECMWF-IFS-HR,hist-1950,r4i1p1f1,False,False,incomplete,none,False,True,True,False,False,False,False,False,gr,195001010000,201412311800,6hrPlevPt:psl|6hrPlevPt:uas|6hrPlevPt:vas,verified fixed-pressure ua+va or vo at 850/700/500 hPa,regional subset and common-grid standardisation|precipitation diagnostics unavailable
HighResMIP,ECMWF,ECMWF-IFS-HR,hist-1950,r5i1p1f1,True,False,candidate_ready,6hrPlevPt:ua+va,True,True,True,False,True,True,False,False,gr,195001010000,201412311800,6hrPlevPt:hus|6hrPlevPt:psl|6hrPlevPt:ta|6hrPlevPt:ua|6hrPlevPt:uas|6hrPlevPt:va|6hrPlevPt:vas|6hrPlevPt:zg,,regional subset and common-grid standardisation|precipitation diagnostics unavailable
HighResMIP,ECMWF,ECMWF-IFS-HR,hist-1950,r6i1p1f1,True,False,candidate_ready,6hrPlevPt:ua+va,True,True,True,False,True,True,False,False,gr,195001010000,201412311800,6hrPlevPt:hus|6hrPlevPt:psl|6hrPlevPt:ta|6hrPlevPt:ua|6hrPlevPt:uas|6hrPlevPt:va|6hrPlevPt:vas|6hrPlevPt:zg,,regional subset and common-grid standardisation|precipitation diagnostics unavailable
HighResMIP,ECMWF,ECMWF-IFS-LR,control-1950,r1i1p1f1,False,False,incomplete,none,False,True,True,False,False,False,False,True,gr,195001010000,204912311800,6hrPlevPt:psl|6hrPlevPt:uas|6hrPlevPt:vas,verified fixed-pressure ua+va or vo at 850/700/500 hPa,regional subset and common-grid standardisation|precipitation diagnostics unavailable
HighResMIP,ECMWF,ECMWF-IFS-LR,highresSST-present,r1i1p1f1,True,False,candidate_ready,6hrPlevPt:ua+va,True,True,True,False,True,True,False,True,gr,195001010000,201412311800,6hrPlevPt:hus|6hrPlevPt:psl|6hrPlevPt:ta|6hrPlevPt:ua|6hrPlevPt:uas|6hrPlevPt:va|6hrPlevPt:vas|6hrPlevPt:zg,,regional subset and common-grid standardisation|precipitation diagnostics unavailable
HighResMIP,ECMWF,ECMWF-IFS-LR,highresSST-present,r2i1p1f1,False,False,incomplete,none,False,True,True,False,False,False,False,False,gr,195001010000,201412311800,6hrPlevPt:psl|6hrPlevPt:uas|6hrPlevPt:vas,verified fixed-pressure ua+va or vo at 850/700/500 hPa,regional subset and common-grid standardisation|precipitation diagnostics unavailable
HighResMIP,ECMWF,ECMWF-IFS-LR,highresSST-present,r3i1p1f1,False,False,incomplete,none,False,True,True,False,False,False,False,False,gr,195001010000,201412311800,6hrPlevPt:psl|6hrPlevPt:uas|6hrPlevPt:vas,verified fixed-pressure ua+va or vo at 850/700/500 hPa,regional subset and common-grid standardisation|precipitation diagnostics unavailable
HighResMIP,ECMWF,ECMWF-IFS-LR,highresSST-present,r4i1p1f1,False,False,incomplete,none,False,True,True,False,False,False,False,False,gr,195001010000,201412311800,6hrPlevPt:psl|6hrPlevPt:uas|6hrPlevPt:vas,verified fixed-pressure ua+va or vo at 850/700/500 hPa,regional subset and common-grid standardisation|precipitation diagnostics unavailable
HighResMIP,ECMWF,ECMWF-IFS-LR,highresSST-present,r5i1p1f1,False,False,incomplete,none,False,True,True,False,False,False,False,False,gr,195001010000,201412311800,6hrPlevPt:psl|6hrPlevPt:uas|6hrPlevPt:vas,verified fixed-pressure ua+va or vo at 850/700/500 hPa,regional subset and common-grid standardisation|precipitation diagnostics unavailable
HighResMIP,ECMWF,ECMWF-IFS-LR,highresSST-present,r6i1p1f1,False,False,incomplete,none,False,True,True,False,False,False,False,False,gr,195001010000,201412311800,6hrPlevPt:psl|6hrPlevPt:uas|6hrPlevPt:vas,verified fixed-pressure ua+va or vo at 850/700/500 hPa,regional subset and common-grid standardisation|precipitation diagnostics unavailable
HighResMIP,ECMWF,ECMWF-IFS-LR,highresSST-present,r7i1p1f1,True,False,candidate_ready,6hrPlevPt:ua+va,True,True,True,False,True,True,False,True,gr,195001010000,201412311800,6hrPlevPt:hus|6hrPlevPt:psl|6hrPlevPt:ta|6hrPlevPt:ua|6hrPlevPt:uas|6hrPlevPt:va|6hrPlevPt:vas|6hrPlevPt:zg,,regional subset and common-grid standardisation|precipitation diagnostics unavailable
HighResMIP,ECMWF,ECMWF-IFS-LR,highresSST-present,r8i1p1f1,True,False,candidate_ready,6hrPlevPt:ua+va,True,True,True,False,True,True,False,True,gr,195001010000,201412311800,6hrPlevPt:hus|6hrPlevPt:psl|6hrPlevPt:ta|6hrPlevPt:ua|6hrPlevPt:uas|6hrPlevPt:va|6hrPlevPt:vas|6hrPlevPt:zg,,regional subset and common-grid standardisation|precipitation diagnostics unavailable
HighResMIP,ECMWF,ECMWF-IFS-LR,hist-1950,r1i1p1f1,True,False,candidate_ready,6hrPlevPt:ua+va,True,True,True,False,True,True,False,False,gr,195001010000,201412311800,6hrPlevPt:hus|6hrPlevPt:psl|6hrPlevPt:ta|6hrPlevPt:ua|6hrPlevPt:uas|6hrPlevPt:va|6hrPlevPt:vas|6hrPlevPt:zg,,regional subset and common-grid standardisation|precipitation diagnostics unavailable
HighResMIP,ECMWF,ECMWF-IFS-LR,hist-1950,r2i1p1f1,False,False,incomplete,none,False,True,True,False,False,False,False,False,gr,195001010000,201412311800,6hrPlevPt:psl|6hrPlevPt:uas|6hrPlevPt:vas,verified fixed-pressure ua+va or vo at 850/700/500 hPa,regional subset and common-grid standardisation|precipitation diagnostics unavailable
HighResMIP,ECMWF,ECMWF-IFS-LR,hist-1950,r3i1p1f1,False,False,incomplete,none,False,True,True,False,False,False,False,False,gr,195001010000,201412311800,6hrPlevPt:psl|6hrPlevPt:uas|6hrPlevPt:vas,verified fixed-pressure ua+va or vo at 850/700/500 hPa,regional subset and common-grid standardisation|precipitation diagnostics unavailable
HighResMIP,ECMWF,ECMWF-IFS-LR,hist-1950,r4i1p1f1,False,False,incomplete,none,False,True,True,False,False,False,False,False,gr,195001010000,201412311800,6hrPlevPt:psl|6hrPlevPt:uas|6hrPlevPt:vas,verified fixed-pressure ua+va or vo at 850/700/500 hPa,regional subset and common-grid standardisation|precipitation diagnostics unavailable
HighResMIP,ECMWF,ECMWF-IFS-LR,hist-1950,r5i1p1f1,False,False,incomplete,none,False,True,True,False,False,False,False,False,gr,195001010000,201412311800,6hrPlevPt:psl|6hrPlevPt:uas|6hrPlevPt:vas,verified fixed-pressure ua+va or vo at 850/700/500 hPa,regional subset and common-grid standardisation|precipitation diagnostics unavailable
HighResMIP,ECMWF,ECMWF-IFS-LR,hist-1950,r6i1p1f1,False,False,incomplete,none,False,True,True,False,False,False,False,False,gr,195001010000,201412311800,6hrPlevPt:psl|6hrPlevPt:uas|6hrPlevPt:vas,verified fixed-pressure ua+va or vo at 850/700/500 hPa,regional subset and common-grid standardisation|precipitation diagnostics unavailable
HighResMIP,ECMWF,ECMWF-IFS-LR,hist-1950,r7i1p1f1,True,False,candidate_ready,6hrPlevPt:ua+va,True,True,True,False,True,True,False,False,gr,195001010000,201412311800,6hrPlevPt:hus|6hrPlevPt:psl|6hrPlevPt:ta|6hrPlevPt:ua|6hrPlevPt:uas|6hrPlevPt:va|6hrPlevPt:vas|6hrPlevPt:zg,,regional subset and common-grid standardisation|precipitation diagnostics unavailable
HighResMIP,ECMWF,ECMWF-IFS-LR,hist-1950,r8i1p1f1,True,False,candidate_ready,6hrPlevPt:ua+va,True,True,True,False,True,True,False,False,gr,195001010000,201412311800,6hrPlevPt:hus|6hrPlevPt:psl|6hrPlevPt:ta|6hrPlevPt:ua|6hrPlevPt:uas|6hrPlevPt:va|6hrPlevPt:vas|6hrPlevPt:zg,,regional subset and common-grid standardisation|precipitation diagnostics unavailable
HighResMIP,ECMWF,ECMWF-IFS-LR,spinup-1950,r1i1p1f1,False,False,incomplete,none,False,True,True,False,False,False,False,True,gr,195001010000,199912311800,6hrPlevPt:psl|6hrPlevPt:uas|6hrPlevPt:vas,verified fixed-pressure ua+va or vo at 850/700/500 hPa,regional subset and common-grid standardisation|precipitation diagnostics unavailable
HighResMIP,ECMWF,ECMWF-IFS-MR,control-1950,r1i1p1f1,False,False,incomplete,none,False,True,True,False,False,False,False,False,gr,195001010000,204912311800,6hrPlevPt:psl|6hrPlevPt:uas|6hrPlevPt:vas,verified fixed-pressure ua+va or vo at 850/700/500 hPa,regional subset and common-grid standardisation|precipitation diagnostics unavailable
HighResMIP,ECMWF,ECMWF-IFS-MR,hist-1950,r1i1p1f1,False,False,incomplete,none,False,True,True,False,False,False,False,False,gr,195001010000,201412311800,6hrPlevPt:psl|6hrPlevPt:uas|6hrPlevPt:vas,verified fixed-pressure ua+va or vo at 850/700/500 hPa,regional subset and common-grid standardisation|precipitation diagnostics unavailable
HighResMIP,ECMWF,ECMWF-IFS-MR,hist-1950,r2i1p1f1,True,False,candidate_ready,6hrPlevPt:ua+va,True,True,True,False,True,True,False,False,gr,195001010000,201412311800,6hrPlevPt:hus|6hrPlevPt:psl|6hrPlevPt:ta|6hrPlevPt:ua|6hrPlevPt:uas|6hrPlevPt:va|6hrPlevPt:vas|6hrPlevPt:zg,,regional subset and common-grid standardisation|precipitation diagnostics unavailable
HighResMIP,ECMWF,ECMWF-IFS-MR,hist-1950,r3i1p1f1,True,False,candidate_ready,6hrPlevPt:ua+va,True,True,True,False,True,True,False,False,gr,195001010000,201412311800,6hrPlevPt:hus|6hrPlevPt:psl|6hrPlevPt:ta|6hrPlevPt:ua|6hrPlevPt:uas|6hrPlevPt:va|6hrPlevPt:vas|6hrPlevPt:zg,,regional subset and common-grid standardisation|precipitation diagnostics unavailable
HighResMIP,IPSL,IPSL-CM6A-ATM-HR,highresSST-present,r1i1p1f1,False,False,incomplete,none,False,False,False,True,False,False,False,False,gr,195001010130,201412312230,3hr:pr,verified fixed-pressure ua+va or vo at 850/700/500 hPa|six-hourly-or-better psl,regional subset and common-grid standardisation|classification without native 10-m vector wind
HighResMIP,IPSL,IPSL-CM6A-LR,highresSST-present,r1i1p1f1,False,False,incomplete,none,False,False,False,True,False,False,False,True,gr,195001010130,201412312230,3hr:pr,verified fixed-pressure ua+va or vo at 850/700/500 hPa|six-hourly-or-better psl,regional subset and common-grid standardisation|classification without native 10-m vector wind
HighResMIP,MOHC,HadGEM3-GC31-HH,control-1950,r1i1p1f1,False,False,incomplete,none,False,False,True,True,False,False,True,False,gn,195001010130,205012302230,3hr:pr|3hr:ps|3hr:uas|3hr:vas,verified fixed-pressure ua+va or vo at 850/700/500 hPa|six-hourly-or-better psl,regional subset and common-grid standardisation
HighResMIP,MOHC,HadGEM3-GC31-HH,highres-future,r1i1p1f1,False,False,incomplete,none,False,False,True,True,False,False,False,False,gn,201501010130,205012302230,3hr:pr|3hr:uas|3hr:vas,verified fixed-pressure ua+va or vo at 850/700/500 hPa|six-hourly-or-better psl,regional subset and common-grid standardisation
HighResMIP,MOHC,HadGEM3-GC31-HM,control-1950,r1i1p1f1,False,False,incomplete,none,False,False,True,True,False,False,True,False,gn,195001010130,205012302230,3hr:pr|3hr:ps|3hr:uas|3hr:vas,verified fixed-pressure ua+va or vo at 850/700/500 hPa|six-hourly-or-better psl,regional subset and common-grid standardisation
HighResMIP,MOHC,HadGEM3-GC31-HM,highres-future,r1i1p1f1,False,False,incomplete,none,False,False,True,True,False,False,True,False,gn,201501010130,205012302230,3hr:pr|3hr:ps|3hr:uas|3hr:vas,verified fixed-pressure ua+va or vo at 850/700/500 hPa|six-hourly-or-better psl,regional subset and common-grid standardisation
HighResMIP,MOHC,HadGEM3-GC31-HM,highres-future,r1i3p1f1,False,False,incomplete,none,False,False,True,True,False,False,False,False,gn,201501010130,205012302230,3hr:pr|3hr:uas|3hr:vas,verified fixed-pressure ua+va or vo at 850/700/500 hPa|six-hourly-or-better psl,regional subset and common-grid standardisation
HighResMIP,MOHC,HadGEM3-GC31-HM,highresSST-future,r1i1p1f1,False,False,incomplete,none,False,False,True,True,False,False,True,False,gn,201501010130,205012302230,3hr:pr|3hr:ps|3hr:uas|3hr:vas,verified fixed-pressure ua+va or vo at 850/700/500 hPa|six-hourly-or-better psl,regional subset and common-grid standardisation
HighResMIP,MOHC,HadGEM3-GC31-HM,highresSST-future,r1i2p1f1,False,False,incomplete,none,False,False,True,True,False,False,False,False,gn,201501010130,205012302230,3hr:pr|3hr:uas|3hr:vas,verified fixed-pressure ua+va or vo at 850/700/500 hPa|six-hourly-or-better psl,regional subset and common-grid standardisation
HighResMIP,MOHC,HadGEM3-GC31-HM,highresSST-future,r1i3p1f1,False,False,incomplete,none,False,False,True,True,False,False,False,False,gn,201501010130,205012302230,3hr:pr|3hr:uas|3hr:vas,verified fixed-pressure ua+va or vo at 850/700/500 hPa|six-hourly-or-better psl,regional subset and common-grid standardisation
HighResMIP,MOHC,HadGEM3-GC31-HM,highresSST-present,r1i1p1f1,False,False,incomplete,none,False,False,True,True,False,False,True,False,gn,195001010130,201412302230,3hr:pr|3hr:ps|3hr:uas|3hr:vas,verified fixed-pressure ua+va or vo at 850/700/500 hPa|six-hourly-or-better psl,regional subset and common-grid standardisation
HighResMIP,MOHC,HadGEM3-GC31-HM,highresSST-present,r1i2p1f1,False,False,incomplete,none,False,False,True,True,False,False,False,False,gn,195001010130,201412302230,3hr:pr|3hr:uas|3hr:vas,verified fixed-pressure ua+va or vo at 850/700/500 hPa|six-hourly-or-better psl,regional subset and common-grid standardisation
HighResMIP,MOHC,HadGEM3-GC31-HM,highresSST-present,r1i3p1f1,False,False,incomplete,none,False,False,True,True,False,False,False,False,gn,195001010130,201412302230,3hr:pr|3hr:uas|3hr:vas,verified fixed-pressure ua+va or vo at 850/700/500 hPa|six-hourly-or-better psl,regional subset and common-grid standardisation
HighResMIP,MOHC,HadGEM3-GC31-HM,hist-1950,r1i1p1f1,False,False,incomplete,none,False,False,True,True,False,False,True,False,gn,195001010130,201412302230,3hr:pr|3hr:ps|3hr:uas|3hr:vas,verified fixed-pressure ua+va or vo at 850/700/500 hPa|six-hourly-or-better psl,regional subset and common-grid standardisation
HighResMIP,MOHC,HadGEM3-GC31-HM,hist-1950,r1i3p1f1,False,False,incomplete,none,False,False,True,True,False,False,False,False,gn,195001010130,201412302230,3hr:pr|3hr:uas|3hr:vas,verified fixed-pressure ua+va or vo at 850/700/500 hPa|six-hourly-or-better psl,regional subset and common-grid standardisation
HighResMIP,MOHC,HadGEM3-GC31-LL,control-1950,r1i1p1f1,False,False,incomplete,none,False,False,True,True,False,False,True,False,gn,195001010130,205012302230,3hr:pr|3hr:ps|3hr:uas|3hr:vas,verified fixed-pressure ua+va or vo at 850/700/500 hPa|six-hourly-or-better psl,regional subset and common-grid standardisation
HighResMIP,MOHC,HadGEM3-GC31-LL,highres-future,r1i1p1f1,False,False,incomplete,none,False,False,True,True,False,False,True,False,gn,201501010130,205012302230,3hr:pr|3hr:ps|3hr:uas|3hr:vas,verified fixed-pressure ua+va or vo at 850/700/500 hPa|six-hourly-or-better psl,regional subset and common-grid standardisation
HighResMIP,MOHC,HadGEM3-GC31-LL,highres-future,r1i2p1f1,False,False,incomplete,none,False,False,True,True,False,False,False,False,gn,201501010130,205012302230,3hr:pr|3hr:uas|3hr:vas,verified fixed-pressure ua+va or vo at 850/700/500 hPa|six-hourly-or-better psl,regional subset and common-grid standardisation
HighResMIP,MOHC,HadGEM3-GC31-LL,highres-future,r1i3p1f1,False,False,incomplete,none,False,False,True,True,False,False,False,False,gn,201501010130,205012302230,3hr:pr|3hr:uas|3hr:vas,verified fixed-pressure ua+va or vo at 850/700/500 hPa|six-hourly-or-better psl,regional subset and common-grid standardisation
HighResMIP,MOHC,HadGEM3-GC31-LL,highres-future,r1i4p1f1,False,False,incomplete,none,False,False,True,True,False,False,False,False,gn,201501010130,205012302230,3hr:pr|3hr:uas|3hr:vas,verified fixed-pressure ua+va or vo at 850/700/500 hPa|six-hourly-or-better psl,regional subset and common-grid standardisation
HighResMIP,MOHC,HadGEM3-GC31-LL,hist-1950,r1i1p1f1,False,False,incomplete,none,False,False,True,True,False,False,True,False,gn,195001010130,201412302230,3hr:pr|3hr:ps|3hr:uas|3hr:vas,verified fixed-pressure ua+va or vo at 850/700/500 hPa|six-hourly-or-better psl,regional subset and common-grid standardisation
HighResMIP,MOHC,HadGEM3-GC31-LL,hist-1950,r1i2p1f1,False,False,incomplete,none,False,False,True,True,False,False,False,False,gn,195001010130,201412302230,3hr:pr|3hr:uas|3hr:vas,verified fixed-pressure ua+va or vo at 850/700/500 hPa|six-hourly-or-better psl,regional subset and common-grid standardisation
HighResMIP,MOHC,HadGEM3-GC31-LL,hist-1950,r1i3p1f1,False,False,incomplete,none,False,False,True,True,False,False,False,False,gn,195001010130,201412302230,3hr:pr|3hr:uas|3hr:vas,verified fixed-pressure ua+va or vo at 850/700/500 hPa|six-hourly-or-better psl,regional subset and common-grid standardisation
HighResMIP,MOHC,HadGEM3-GC31-LL,hist-1950,r1i4p1f1,False,False,incomplete,none,False,False,True,True,False,False,False,False,gn,195001010130,201412302230,3hr:pr|3hr:uas|3hr:vas,verified fixed-pressure ua+va or vo at 850/700/500 hPa|six-hourly-or-better psl,regional subset and common-grid standardisation
HighResMIP,MOHC,HadGEM3-GC31-LL,hist-1950,r1i5p1f1,False,False,incomplete,none,False,False,True,True,False,False,False,False,gn,195001010130,201412302230,3hr:pr|3hr:uas|3hr:vas,verified fixed-pressure ua+va or vo at 850/700/500 hPa|six-hourly-or-better psl,regional subset and common-grid standardisation
HighResMIP,MOHC,HadGEM3-GC31-LL,hist-1950,r1i6p1f1,False,False,incomplete,none,False,False,True,True,False,False,False,False,gn,195001010130,201412302230,3hr:pr|3hr:uas|3hr:vas,verified fixed-pressure ua+va or vo at 850/700/500 hPa|six-hourly-or-better psl,regional subset and common-grid standardisation
HighResMIP,MOHC,HadGEM3-GC31-LL,hist-1950,r1i7p1f1,False,False,incomplete,none,False,False,True,True,False,False,False,False,gn,195001010130,201412302230,3hr:pr|3hr:uas|3hr:vas,verified fixed-pressure ua+va or vo at 850/700/500 hPa|six-hourly-or-better psl,regional subset and common-grid standardisation
HighResMIP,MOHC,HadGEM3-GC31-LL,hist-1950,r1i8p1f1,False,False,incomplete,none,False,False,True,True,False,False,False,False,gn,195001010130,201412302230,3hr:pr|3hr:uas|3hr:vas,verified fixed-pressure ua+va or vo at 850/700/500 hPa|six-hourly-or-better psl,regional subset and common-grid standardisation
HighResMIP,MOHC,HadGEM3-GC31-LL,spinup-1950,r1i1p1f1,False,False,incomplete,none,False,False,True,True,False,False,True,False,gn,195001010130,197912302230,3hr:pr|3hr:ps|3hr:uas|3hr:vas,verified fixed-pressure ua+va or vo at 850/700/500 hPa|six-hourly-or-better psl,regional subset and common-grid standardisation
HighResMIP,MOHC,HadGEM3-GC31-LM,highresSST-future,r1i14p1f1,False,False,incomplete,none,False,False,True,True,False,False,False,False,gn,201501010130,205012302230,3hr:pr|3hr:uas|3hr:vas,verified fixed-pressure ua+va or vo at 850/700/500 hPa|six-hourly-or-better psl,regional subset and common-grid standardisation
HighResMIP,MOHC,HadGEM3-GC31-LM,highresSST-future,r1i15p1f1,False,False,incomplete,none,False,False,True,True,False,False,False,False,gn,201501010130,205012302230,3hr:pr|3hr:uas|3hr:vas,verified fixed-pressure ua+va or vo at 850/700/500 hPa|six-hourly-or-better psl,regional subset and common-grid standardisation
HighResMIP,MOHC,HadGEM3-GC31-LM,highresSST-future,r1i1p1f1,False,False,incomplete,none,False,False,True,True,False,False,True,False,gn,201501010130,205012302230,3hr:pr|3hr:ps|3hr:uas|3hr:vas,verified fixed-pressure ua+va or vo at 850/700/500 hPa|six-hourly-or-better psl,regional subset and common-grid standardisation
HighResMIP,MOHC,HadGEM3-GC31-LM,highresSST-future,r1i2p1f1,False,False,incomplete,none,False,False,True,True,False,False,False,False,gn,201501010130,205012302230,3hr:pr|3hr:uas|3hr:vas,verified fixed-pressure ua+va or vo at 850/700/500 hPa|six-hourly-or-better psl,regional subset and common-grid standardisation
HighResMIP,MOHC,HadGEM3-GC31-LM,highresSST-future,r1i3p1f1,False,False,incomplete,none,False,False,True,True,False,False,False,False,gn,201501010130,205012302230,3hr:pr|3hr:uas|3hr:vas,verified fixed-pressure ua+va or vo at 850/700/500 hPa|six-hourly-or-better psl,regional subset and common-grid standardisation
HighResMIP,MOHC,HadGEM3-GC31-LM,highresSST-present,r1i14p1f1,False,False,incomplete,none,False,False,True,True,False,False,False,False,gn,195001010130,201412302230,3hr:pr|3hr:uas|3hr:vas,verified fixed-pressure ua+va or vo at 850/700/500 hPa|six-hourly-or-better psl,regional subset and common-grid standardisation
HighResMIP,MOHC,HadGEM3-GC31-LM,highresSST-present,r1i15p1f1,False,False,incomplete,none,False,False,True,True,False,False,False,False,gn,195001010130,201412302230,3hr:pr|3hr:uas|3hr:vas,verified fixed-pressure ua+va or vo at 850/700/500 hPa|six-hourly-or-better psl,regional subset and common-grid standardisation
HighResMIP,MOHC,HadGEM3-GC31-LM,highresSST-present,r1i1p1f1,False,False,incomplete,none,False,False,True,True,False,False,True,False,gn,195001010130,201412302230,3hr:pr|3hr:ps|3hr:uas|3hr:vas,verified fixed-pressure ua+va or vo at 850/700/500 hPa|six-hourly-or-better psl,regional subset and common-grid standardisation
HighResMIP,MOHC,HadGEM3-GC31-LM,highresSST-present,r1i2p1f1,False,False,incomplete,none,False,False,True,True,False,False,False,False,gn,195001010130,201412302230,3hr:pr|3hr:uas|3hr:vas,verified fixed-pressure ua+va or vo at 850/700/500 hPa|six-hourly-or-better psl,regional subset and common-grid standardisation
HighResMIP,MOHC,HadGEM3-GC31-LM,highresSST-present,r1i3p1f1,False,False,incomplete,none,False,False,True,True,False,False,False,False,gn,195001010130,201412302230,3hr:pr|3hr:uas|3hr:vas,verified fixed-pressure ua+va or vo at 850/700/500 hPa|six-hourly-or-better psl,regional subset and common-grid standardisation
HighResMIP,MOHC,HadGEM3-GC31-MH,spinup-1950,r1i1p1f1,False,False,incomplete,none,False,False,True,True,False,False,True,False,gn,195001010130,197912302230,3hr:pr|3hr:ps|3hr:uas|3hr:vas,verified fixed-pressure ua+va or vo at 850/700/500 hPa|six-hourly-or-better psl,regional subset and common-grid standardisation
HighResMIP,MOHC,HadGEM3-GC31-MM,control-1950,r1i1p1f1,False,False,incomplete,none,False,False,True,True,False,False,True,False,gn,195001010130,205012302230,3hr:pr|3hr:ps|3hr:uas|3hr:vas,verified fixed-pressure ua+va or vo at 850/700/500 hPa|six-hourly-or-better psl,regional subset and common-grid standardisation
HighResMIP,MOHC,HadGEM3-GC31-MM,highres-future,r1i1p1f1,False,False,incomplete,none,False,False,True,True,False,False,True,False,gn,201501010130,205012302230,3hr:pr|3hr:ps|3hr:uas|3hr:vas,verified fixed-pressure ua+va or vo at 850/700/500 hPa|six-hourly-or-better psl,regional subset and common-grid standardisation
HighResMIP,MOHC,HadGEM3-GC31-MM,highres-future,r1i2p1f1,False,False,incomplete,none,False,False,True,True,False,False,False,False,gn,201501010130,205012302230,3hr:pr|3hr:uas|3hr:vas,verified fixed-pressure ua+va or vo at 850/700/500 hPa|six-hourly-or-better psl,regional subset and common-grid standardisation
HighResMIP,MOHC,HadGEM3-GC31-MM,highres-future,r1i3p1f1,False,False,incomplete,none,False,False,True,True,False,False,False,False,gn,201501010130,205012302230,3hr:pr|3hr:uas|3hr:vas,verified fixed-pressure ua+va or vo at 850/700/500 hPa|six-hourly-or-better psl,regional subset and common-grid standardisation
HighResMIP,MOHC,HadGEM3-GC31-MM,highresSST-future,r1i1p1f1,False,False,incomplete,none,False,False,True,True,False,False,True,False,gn,201501010130,205012302230,3hr:pr|3hr:ps|3hr:uas|3hr:vas,verified fixed-pressure ua+va or vo at 850/700/500 hPa|six-hourly-or-better psl,regional subset and common-grid standardisation
HighResMIP,MOHC,HadGEM3-GC31-MM,highresSST-future,r1i2p1f1,False,False,incomplete,none,False,False,True,True,False,False,False,False,gn,201501010130,205012302230,3hr:pr|3hr:uas|3hr:vas,verified fixed-pressure ua+va or vo at 850/700/500 hPa|six-hourly-or-better psl,regional subset and common-grid standardisation
HighResMIP,MOHC,HadGEM3-GC31-MM,highresSST-future,r1i3p1f1,False,False,incomplete,none,False,False,True,True,False,False,False,False,gn,201501010130,205012302230,3hr:pr|3hr:uas|3hr:vas,verified fixed-pressure ua+va or vo at 850/700/500 hPa|six-hourly-or-better psl,regional subset and common-grid standardisation
HighResMIP,MOHC,HadGEM3-GC31-MM,highresSST-present,r1i1p1f1,False,False,incomplete,none,False,False,True,True,False,False,True,False,gn,195001010130,201412302230,3hr:pr|3hr:ps|3hr:uas|3hr:vas,verified fixed-pressure ua+va or vo at 850/700/500 hPa|six-hourly-or-better psl,regional subset and common-grid standardisation
HighResMIP,MOHC,HadGEM3-GC31-MM,highresSST-present,r1i2p1f1,False,False,incomplete,none,False,False,True,True,False,False,False,False,gn,195001010130,201412302230,3hr:pr|3hr:uas|3hr:vas,verified fixed-pressure ua+va or vo at 850/700/500 hPa|six-hourly-or-better psl,regional subset and common-grid standardisation
HighResMIP,MOHC,HadGEM3-GC31-MM,highresSST-present,r1i3p1f1,False,False,incomplete,none,False,False,True,True,False,False,False,False,gn,195001010130,201412302230,3hr:pr|3hr:uas|3hr:vas,verified fixed-pressure ua+va or vo at 850/700/500 hPa|six-hourly-or-better psl,regional subset and common-grid standardisation
HighResMIP,MOHC,HadGEM3-GC31-MM,hist-1950,r1i1p1f1,False,False,incomplete,none,False,False,True,True,False,False,True,False,gn,195001010130,201412302230,3hr:pr|3hr:ps|3hr:uas|3hr:vas,verified fixed-pressure ua+va or vo at 850/700/500 hPa|six-hourly-or-better psl,regional subset and common-grid standardisation
HighResMIP,MOHC,HadGEM3-GC31-MM,hist-1950,r1i2p1f1,False,False,incomplete,none,False,False,True,True,False,False,False,False,gn,195001010130,201412302230,3hr:pr|3hr:uas|3hr:vas,verified fixed-pressure ua+va or vo at 850/700/500 hPa|six-hourly-or-better psl,regional subset and common-grid standardisation
HighResMIP,MOHC,HadGEM3-GC31-MM,hist-1950,r1i3p1f1,False,False,incomplete,none,False,False,True,True,False,False,False,False,gn,195001010130,201412302230,3hr:pr|3hr:uas|3hr:vas,verified fixed-pressure ua+va or vo at 850/700/500 hPa|six-hourly-or-better psl,regional subset and common-grid standardisation
HighResMIP,MOHC,HadGEM3-GC31-MM,spinup-1950,r1i1p1f1,False,False,incomplete,none,False,False,True,True,False,False,True,False,gn,195001010130,197912302230,3hr:pr|3hr:ps|3hr:uas|3hr:vas,verified fixed-pressure ua+va or vo at 850/700/500 hPa|six-hourly-or-better psl,regional subset and common-grid standardisation
HighResMIP,MPI-M,MPI-ESM1-2-HR,control-1950,r1i1p1f1,True,False,candidate_ready,6hrPlevPt:ua+va,True,True,True,False,True,True,False,True,gn,195001010556,205012312356,6hrPlevPt:hus|6hrPlevPt:psl|6hrPlevPt:ta|6hrPlevPt:ua|6hrPlevPt:uas|6hrPlevPt:va|6hrPlevPt:vas|6hrPlevPt:zg,,regional subset and common-grid standardisation|precipitation diagnostics unavailable
HighResMIP,MPI-M,MPI-ESM1-2-HR,highres-future,r1i1p1f1,True,False,candidate_ready,6hrPlevPt:ua+va,True,True,True,False,True,True,False,True,gn,201501010556,205012312356,6hrPlevPt:hus|6hrPlevPt:psl|6hrPlevPt:ta|6hrPlevPt:ua|6hrPlevPt:uas|6hrPlevPt:va|6hrPlevPt:vas|6hrPlevPt:zg,,regional subset and common-grid standardisation|precipitation diagnostics unavailable
HighResMIP,MPI-M,MPI-ESM1-2-HR,highresSST-future,r1i1p1f1,True,False,candidate_ready,6hrPlevPt:ua+va,True,True,True,False,True,True,False,True,gn,201501010556,205012312356,6hrPlevPt:hus|6hrPlevPt:psl|6hrPlevPt:ta|6hrPlevPt:ua|6hrPlevPt:uas|6hrPlevPt:va|6hrPlevPt:vas|6hrPlevPt:zg,,regional subset and common-grid standardisation|precipitation diagnostics unavailable
HighResMIP,MPI-M,MPI-ESM1-2-HR,highresSST-present,r1i1p1f1,True,False,candidate_ready,6hrPlevPt:ua+va,True,True,True,False,True,True,False,True,gn,195001010556,201412312356,6hrPlev:psl|6hrPlevPt:hus|6hrPlevPt:psl|6hrPlevPt:ta|6hrPlevPt:ua|6hrPlevPt:uas|6hrPlevPt:va|6hrPlevPt:vas|6hrPlevPt:zg,,regional subset and common-grid standardisation|precipitation diagnostics unavailable
HighResMIP,MPI-M,MPI-ESM1-2-HR,hist-1950,r1i1p1f1,True,False,candidate_ready,6hrPlevPt:ua+va,True,True,True,False,True,True,False,False,gn,195001010556,201412312356,6hrPlevPt:hus|6hrPlevPt:psl|6hrPlevPt:ta|6hrPlevPt:ua|6hrPlevPt:uas|6hrPlevPt:va|6hrPlevPt:vas|6hrPlevPt:zg,,regional subset and common-grid standardisation|precipitation diagnostics unavailable
HighResMIP,MPI-M,MPI-ESM1-2-XR,control-1950,r1i1p1f1,True,False,candidate_ready,6hrPlevPt:ua+va,True,True,True,False,True,True,False,True,gn,195001010558,205012312358,6hrPlevPt:hus|6hrPlevPt:psl|6hrPlevPt:ta|6hrPlevPt:ua|6hrPlevPt:uas|6hrPlevPt:va|6hrPlevPt:vas|6hrPlevPt:zg,,regional subset and common-grid standardisation|precipitation diagnostics unavailable
HighResMIP,MPI-M,MPI-ESM1-2-XR,highres-future,r1i1p1f1,True,False,candidate_ready,6hrPlevPt:ua+va,True,True,True,False,True,True,False,True,gn,201501010558,205012312358,6hrPlevPt:hus|6hrPlevPt:psl|6hrPlevPt:ta|6hrPlevPt:ua|6hrPlevPt:uas|6hrPlevPt:va|6hrPlevPt:vas|6hrPlevPt:zg,,regional subset and common-grid standardisation|precipitation diagnostics unavailable
HighResMIP,MPI-M,MPI-ESM1-2-XR,highresSST-future,r1i1p1f1,True,False,candidate_ready,6hrPlevPt:ua+va,True,True,True,False,True,True,False,True,gn,201501010558,205012312358,6hrPlevPt:hus|6hrPlevPt:psl|6hrPlevPt:ta|6hrPlevPt:ua|6hrPlevPt:uas|6hrPlevPt:va|6hrPlevPt:vas|6hrPlevPt:zg,,regional subset and common-grid standardisation|precipitation diagnostics unavailable
HighResMIP,MPI-M,MPI-ESM1-2-XR,highresSST-present,r1i1p1f1,True,False,candidate_ready,6hrPlevPt:ua+va,True,True,True,False,True,True,False,True,gn,195001010558,201412312358,6hrPlev:psl|6hrPlevPt:hus|6hrPlevPt:psl|6hrPlevPt:ta|6hrPlevPt:ua|6hrPlevPt:uas|6hrPlevPt:va|6hrPlevPt:vas|6hrPlevPt:zg,,regional subset and common-grid standardisation|precipitation diagnostics unavailable
HighResMIP,MPI-M,MPI-ESM1-2-XR,hist-1950,r1i1p1f1,True,False,candidate_ready,6hrPlevPt:ua+va,True,True,True,False,True,True,False,False,gn,195001010558,201412312358,6hrPlevPt:hus|6hrPlevPt:psl|6hrPlevPt:ta|6hrPlevPt:ua|6hrPlevPt:uas|6hrPlevPt:va|6hrPlevPt:vas|6hrPlevPt:zg,,regional subset and common-grid standardisation|precipitation diagnostics unavailable
HighResMIP,NERC,HadGEM3-GC31-HH,hist-1950,r1i1p1f1,False,False,incomplete,none,False,False,True,True,False,False,False,False,gn,195001160130,201412302230,3hr:pr|3hr:uas|3hr:vas,verified fixed-pressure ua+va or vo at 850/700/500 hPa|six-hourly-or-better psl,regional subset and common-grid standardisation
HighResMIP,NERC,HadGEM3-GC31-HM,highres-future,r1i2p1f1,False,False,incomplete,none,False,False,True,True,False,False,False,False,gn,201501010130,205012302230,3hr:pr|3hr:uas|3hr:vas,verified fixed-pressure ua+va or vo at 850/700/500 hPa|six-hourly-or-better psl,regional subset and common-grid standardisation
HighResMIP,NERC,HadGEM3-GC31-HM,hist-1950,r1i2p1f1,False,False,incomplete,none,False,False,True,True,False,False,False,False,gn,195001010130,201412302230,3hr:pr|3hr:uas|3hr:vas,verified fixed-pressure ua+va or vo at 850/700/500 hPa|six-hourly-or-better psl,regional subset and common-grid standardisation
ScenarioMIP,AS-RCEC,TaiESM1,ssp126,r1i1p1f1,False,False,candidate_fields_present_levels_unverified,6hrPlevPt:ua+va,False,True,False,True,True,False,True,False,gn,201501010000,202501010000,3hr:pr|3hr:ps|6hrLev:ps|6hrLev:ta|6hrLev:ua|6hrLev:va|6hrPlev:pr|6hrPlev:psl|6hrPlevPt:psl|6hrPlevPt:ta|6hrPlevPt:ua|6hrPlevPt:va|6hrPlevPt:zg,verified fixed-pressure ua+va or vo at 850/700/500 hPa,regional subset and common-grid standardisation|classification without native 10-m vector wind
ScenarioMIP,AS-RCEC,TaiESM1,ssp245,r1i1p1f1,False,False,incomplete,none,False,False,False,False,False,False,True,False,gn,201501010000,210012311800,6hrLev:hus|6hrLev:ps|6hrLev:ta|6hrLev:ua|6hrLev:va,verified fixed-pressure ua+va or vo at 850/700/500 hPa|six-hourly-or-better psl,regional subset and common-grid standardisation|classification without native 10-m vector wind|precipitation diagnostics unavailable
ScenarioMIP,AS-RCEC,TaiESM1,ssp585,r1i1p1f1,False,False,incomplete,none,False,False,False,True,True,False,True,False,gn,201501010000,210101010000,3hr:pr|3hr:ps|6hrLev:ta|6hrLev:ua|6hrPlev:pr|6hrPlevPt:ta|6hrPlevPt:ua,verified fixed-pressure ua+va or vo at 850/700/500 hPa|six-hourly-or-better psl,regional subset and common-grid standardisation|classification without native 10-m vector wind
ScenarioMIP,AWI,AWI-CM-1-1-MR,ssp126,r1i1p1f1,False,False,incomplete,none,False,False,True,True,False,False,True,False,gn,201501010130,210101010000,3hr:pr|3hr:ps|3hr:uas|3hr:vas|6hrPlev:uas|6hrPlev:vas,verified fixed-pressure ua+va or vo at 850/700/500 hPa|six-hourly-or-better psl,regional subset and common-grid standardisation
ScenarioMIP,AWI,AWI-CM-1-1-MR,ssp245,r1i1p1f1,False,False,incomplete,none,False,False,True,True,False,False,True,False,gn,201501010130,210101010000,3hr:pr|3hr:ps|3hr:uas|3hr:vas|6hrPlev:uas|6hrPlev:vas,verified fixed-pressure ua+va or vo at 850/700/500 hPa|six-hourly-or-better psl,regional subset and common-grid standardisation
ScenarioMIP,AWI,AWI-CM-1-1-MR,ssp370,r1i1p1f1,False,False,incomplete,none,False,False,True,True,False,False,True,False,gn,201501010130,210101010000,3hr:pr|3hr:ps|3hr:uas|3hr:vas|6hrPlev:uas|6hrPlev:vas,verified fixed-pressure ua+va or vo at 850/700/500 hPa|six-hourly-or-better psl,regional subset and common-grid standardisation
ScenarioMIP,AWI,AWI-CM-1-1-MR,ssp370,r2i1p1f1,False,False,incomplete,none,False,False,True,True,False,False,True,False,gn,201501010130,210101010000,3hr:pr|3hr:ps|3hr:uas|3hr:vas|6hrPlev:uas|6hrPlev:vas,verified fixed-pressure ua+va or vo at 850/700/500 hPa|six-hourly-or-better psl,regional subset and common-grid standardisation
ScenarioMIP,AWI,AWI-CM-1-1-MR,ssp370,r3i1p1f1,False,False,incomplete,none,False,False,True,True,False,False,True,False,gn,201501010130,210101010000,3hr:pr|3hr:ps|3hr:uas|3hr:vas|6hrPlev:uas|6hrPlev:vas,verified fixed-pressure ua+va or vo at 850/700/500 hPa|six-hourly-or-better psl,regional subset and common-grid standardisation
ScenarioMIP,AWI,AWI-CM-1-1-MR,ssp585,r1i1p1f1,False,False,incomplete,none,False,False,True,True,False,False,True,False,gn,201501010130,210101010000,3hr:pr|3hr:ps|3hr:uas|3hr:vas|6hrPlev:uas|6hrPlev:vas,verified fixed-pressure ua+va or vo at 850/700/500 hPa|six-hourly-or-better psl,regional subset and common-grid standardisation
ScenarioMIP,BCC,BCC-CSM2-MR,ssp126,r1i1p1f1,False,False,candidate_fields_present_levels_unverified,6hrPlevPt:ua+va,False,True,True,True,True,False,True,False,gn,201501010000,210012312230,3hr:pr|3hr:ps|3hr:uas|3hr:vas|6hrLev:ps|6hrLev:ta|6hrLev:ua|6hrLev:va|6hrPlevPt:psl|6hrPlevPt:ta|6hrPlevPt:ua|6hrPlevPt:va,verified fixed-pressure ua+va or vo at 850/700/500 hPa,regional subset and common-grid standardisation
ScenarioMIP,BCC,BCC-CSM2-MR,ssp245,r1i1p1f1,False,False,candidate_fields_present_levels_unverified,6hrPlevPt:ua+va,False,True,True,True,True,False,True,False,gn,201501010000,210012312230,3hr:pr|3hr:ps|3hr:uas|3hr:vas|6hrLev:hus|6hrLev:ps|6hrLev:ta|6hrLev:ua|6hrLev:va|6hrPlevPt:psl|6hrPlevPt:ta|6hrPlevPt:ua|6hrPlevPt:va,verified fixed-pressure ua+va or vo at 850/700/500 hPa,regional subset and common-grid standardisation
ScenarioMIP,BCC,BCC-CSM2-MR,ssp370,r1i1p1f1,False,False,candidate_fields_present_levels_unverified,6hrPlevPt:ua+va,False,True,True,True,True,False,True,False,gn,201501010000,210012312230,3hr:pr|3hr:ps|3hr:uas|3hr:vas|6hrLev:ps|6hrLev:ta|6hrLev:ua|6hrLev:va|6hrPlevPt:psl|6hrPlevPt:ta|6hrPlevPt:ua|6hrPlevPt:va,verified fixed-pressure ua+va or vo at 850/700/500 hPa,regional subset and common-grid standardisation
ScenarioMIP,BCC,BCC-CSM2-MR,ssp585,r1i1p1f1,False,False,candidate_fields_present_levels_unverified,6hrPlevPt:ua+va,False,True,True,True,True,False,True,False,gn,201501010000,210012312230,3hr:pr|3hr:ps|3hr:uas|3hr:vas|6hrLev:ps|6hrLev:ta|6hrLev:ua|6hrLev:va|6hrPlevPt:psl|6hrPlevPt:ta|6hrPlevPt:ua|6hrPlevPt:va,verified fixed-pressure ua+va or vo at 850/700/500 hPa,regional subset and common-grid standardisation
ScenarioMIP,CAS,FGOALS-g3,ssp119,r1i1p1f1,False,False,hybrid_levels_convertible,6hrLev:ua+va,False,True,False,True,False,False,True,False,gn,201501010130,210012312230,3hr:pr|3hr:ps|6hrLev:ps|6hrLev:ta|6hrLev:ua|6hrLev:va|6hrPlev:pr|6hrPlev:psl,verified fixed-pressure ua+va or vo at 850/700/500 hPa,hybrid-to-pressure interpolation|regional subset and common-grid standardisation|classification without native 10-m vector wind
ScenarioMIP,CAS,FGOALS-g3,ssp126,r1i1p1f1,False,False,hybrid_levels_convertible,6hrLev:ua+va,False,True,False,True,False,False,True,False,gn,201501010130,210012312230,3hr:pr|3hr:ps|6hrLev:ps|6hrLev:ta|6hrLev:ua|6hrLev:va|6hrPlev:pr|6hrPlev:psl,verified fixed-pressure ua+va or vo at 850/700/500 hPa,hybrid-to-pressure interpolation|regional subset and common-grid standardisation|classification without native 10-m vector wind
ScenarioMIP,CAS,FGOALS-g3,ssp370,r1i1p1f1,False,False,hybrid_levels_convertible,6hrLev:ua+va,False,True,False,True,False,False,True,False,gn,201501010300,210012312100,3hr:pr|3hr:ps|6hrLev:ps|6hrLev:ta|6hrLev:ua|6hrLev:va|6hrPlev:pr|6hrPlev:psl,verified fixed-pressure ua+va or vo at 850/700/500 hPa,hybrid-to-pressure interpolation|regional subset and common-grid standardisation|classification without native 10-m vector wind
ScenarioMIP,CAS,FGOALS-g3,ssp434,r1i1p1f1,False,False,incomplete,none,False,True,False,True,False,False,True,False,gn,201501010130,210012312230,3hr:pr|3hr:ps|6hrLev:ps|6hrLev:va|6hrPlev:psl,verified fixed-pressure ua+va or vo at 850/700/500 hPa,regional subset and common-grid standardisation|classification without native 10-m vector wind
ScenarioMIP,CAS,FGOALS-g3,ssp460,r1i1p1f1,False,False,incomplete,none,False,True,False,True,False,False,True,False,gn,201501010130,210012312230,3hr:pr|3hr:ps|6hrLev:ps|6hrLev:va|6hrPlev:pr|6hrPlev:psl,verified fixed-pressure ua+va or vo at 850/700/500 hPa,regional subset and common-grid standardisation|classification without native 10-m vector wind
ScenarioMIP,CAS,FGOALS-g3,ssp534-over,r1i1p1f1,False,False,incomplete,none,False,False,False,True,False,False,False,False,gn,201501010130,210012312230,3hr:pr|6hrPlev:pr,verified fixed-pressure ua+va or vo at 850/700/500 hPa|six-hourly-or-better psl,regional subset and common-grid standardisation|classification without native 10-m vector wind
ScenarioMIP,CCCR-IITM,IITM-ESM,ssp126,r1i1p1f1,False,False,incomplete,none,False,True,True,True,False,False,False,False,gn,201501010130,210001010000,3hr:pr|3hr:uas|3hr:vas|6hrLev:hus|6hrLev:ta|6hrLev:ua|6hrLev:va|6hrPlev:psl,verified fixed-pressure ua+va or vo at 850/700/500 hPa,regional subset and common-grid standardisation
ScenarioMIP,CCCR-IITM,IITM-ESM,ssp245,r1i1p1f1,False,False,incomplete,none,False,False,True,True,False,False,False,False,gn,201501010130,210001010000,3hr:pr|3hr:uas|3hr:vas|6hrLev:hus|6hrLev:ta|6hrLev:ua|6hrLev:va,verified fixed-pressure ua+va or vo at 850/700/500 hPa|six-hourly-or-better psl,regional subset and common-grid standardisation
ScenarioMIP,CCCR-IITM,IITM-ESM,ssp370,r1i1p1f1,False,False,incomplete,none,False,False,True,True,False,False,False,False,gn,201501010130,209901010000,3hr:pr|3hr:uas|3hr:vas,verified fixed-pressure ua+va or vo at 850/700/500 hPa|six-hourly-or-better psl,regional subset and common-grid standardisation
ScenarioMIP,CCCR-IITM,IITM-ESM,ssp585,r1i1p1f1,False,False,incomplete,none,False,False,True,True,False,False,False,False,gn,201501010130,210001010000,3hr:pr|3hr:uas|3hr:vas,verified fixed-pressure ua+va or vo at 850/700/500 hPa|six-hourly-or-better psl,regional subset and common-grid standardisation
ScenarioMIP,CCCma,CanESM5,ssp126,r1i1p2f1,False,False,incomplete,none,False,False,True,False,False,False,False,False,gn,201501010300,210101010000,3hr:uas|3hr:vas,verified fixed-pressure ua+va or vo at 850/700/500 hPa|six-hourly-or-better psl,regional subset and common-grid standardisation|precipitation diagnostics unavailable
ScenarioMIP,CCCma,CanESM5,ssp245,r1i1p2f1,False,False,incomplete,none,False,False,True,False,False,False,False,False,gn,201501010300,210101010000,3hr:uas|3hr:vas,verified fixed-pressure ua+va or vo at 850/700/500 hPa|six-hourly-or-better psl,regional subset and common-grid standardisation|precipitation diagnostics unavailable
ScenarioMIP,CCCma,CanESM5,ssp585,r1i1p2f1,False,False,incomplete,none,False,False,True,False,False,False,False,False,gn,201501010300,210101010000,3hr:uas|3hr:vas,verified fixed-pressure ua+va or vo at 850/700/500 hPa|six-hourly-or-better psl,regional subset and common-grid standardisation|precipitation diagnostics unavailable
ScenarioMIP,CMCC,CMCC-CM2-SR5,ssp126,r1i1p1f1,True,False,candidate_ready,6hrPlevPt:ua+va,True,True,True,True,False,False,True,True,gn,201501010300,210101010000,3hr:pr|3hr:ps|3hr:uas|3hr:vas|6hrLev:ps|6hrLev:ta|6hrLev:ua|6hrLev:va|6hrPlev:psl|6hrPlevPt:psl|6hrPlevPt:ua|6hrPlevPt:va|6hrPlevPt:zg,,regional subset and common-grid standardisation
ScenarioMIP,CMCC,CMCC-CM2-SR5,ssp245,r1i1p1f1,False,False,hybrid_levels_convertible,6hrLev:ua+va,False,True,True,True,False,False,True,True,gn,201501010130,210101010000,3hr:pr|3hr:ps|3hr:uas|3hr:vas|6hrLev:hus|6hrLev:ps|6hrLev:ta|6hrLev:ua|6hrLev:va|6hrPlev:psl,verified fixed-pressure ua+va or vo at 850/700/500 hPa,hybrid-to-pressure interpolation|regional subset and common-grid standardisation
ScenarioMIP,CMCC,CMCC-CM2-SR5,ssp370,r1i1p1f1,False,False,hybrid_levels_convertible,6hrLev:ua+va,False,True,True,True,False,False,True,True,gn,201501010130,210101010000,3hr:pr|3hr:ps|3hr:uas|3hr:vas|6hrLev:ps|6hrLev:ta|6hrLev:ua|6hrLev:va|6hrPlev:psl,verified fixed-pressure ua+va or vo at 850/700/500 hPa,hybrid-to-pressure interpolation|regional subset and common-grid standardisation
ScenarioMIP,CMCC,CMCC-CM2-SR5,ssp585,r1i1p1f1,True,False,candidate_ready,6hrPlevPt:ua+va,True,True,True,True,False,False,True,True,gn,201501010130,210101010000,3hr:pr|3hr:ps|3hr:uas|3hr:vas|6hrLev:ps|6hrLev:ta|6hrLev:ua|6hrLev:va|6hrPlev:psl|6hrPlevPt:psl|6hrPlevPt:ua|6hrPlevPt:va|6hrPlevPt:zg,,regional subset and common-grid standardisation
ScenarioMIP,CMCC,CMCC-ESM2,ssp126,r1i1p1f1,True,False,candidate_ready,6hrPlevPt:ua+va,True,True,True,True,False,False,True,True,gn,201501010130,210101010000,3hr:pr|3hr:ps|3hr:uas|3hr:vas|6hrLev:hus|6hrLev:ps|6hrLev:ta|6hrLev:ua|6hrLev:va|6hrPlev:psl|6hrPlevPt:psl|6hrPlevPt:ua|6hrPlevPt:va|6hrPlevPt:zg,,regional subset and common-grid standardisation
ScenarioMIP,CMCC,CMCC-ESM2,ssp245,r1i1p1f1,False,False,hybrid_levels_convertible,6hrLev:ua+va,False,True,True,True,False,False,True,True,gn,201501010130,210101010000,3hr:pr|3hr:ps|3hr:uas|3hr:vas|6hrLev:hus|6hrLev:ps|6hrLev:ta|6hrLev:ua|6hrLev:va|6hrPlev:psl,verified fixed-pressure ua+va or vo at 850/700/500 hPa,hybrid-to-pressure interpolation|regional subset and common-grid standardisation
ScenarioMIP,CMCC,CMCC-ESM2,ssp370,r1i1p1f1,False,False,hybrid_levels_convertible,6hrLev:ua+va,False,True,True,True,False,False,True,True,gn,201501010130,210101010000,3hr:pr|3hr:ps|3hr:uas|3hr:vas|6hrLev:ps|6hrLev:ta|6hrLev:ua|6hrLev:va|6hrPlev:psl,verified fixed-pressure ua+va or vo at 850/700/500 hPa,hybrid-to-pressure interpolation|regional subset and common-grid standardisation
ScenarioMIP,CMCC,CMCC-ESM2,ssp534-over,r1i1p1f1,False,False,incomplete,none,False,False,True,True,False,False,False,True,gn,201501010130,210101010000,3hr:pr|3hr:uas|3hr:vas,verified fixed-pressure ua+va or vo at 850/700/500 hPa|six-hourly-or-better psl,regional subset and common-grid standardisation
ScenarioMIP,CMCC,CMCC-ESM2,ssp585,r1i1p1f1,True,False,candidate_ready,6hrPlevPt:ua+va,True,True,True,True,False,False,True,True,gn,201501010130,210101010000,3hr:pr|3hr:ps|3hr:uas|3hr:vas|6hrLev:hus|6hrLev:ps|6hrLev:ta|6hrLev:ua|6hrLev:va|6hrPlev:psl|6hrPlevPt:psl|6hrPlevPt:ua|6hrPlevPt:va|6hrPlevPt:zg,,regional subset and common-grid standardisation
ScenarioMIP,CNRM-CERFACS,CNRM-CM6-1,ssp126,r1i1p1f2,False,False,hybrid_levels_convertible,6hrLev:ua+va,False,True,False,True,False,False,True,True,gr,201501010130,210101010000,3hr:pr|6hrLev:ps|6hrLev:ta|6hrLev:ua|6hrLev:va|6hrPlevPt:psl|6hrPlevPt:zg,verified fixed-pressure ua+va or vo at 850/700/500 hPa,hybrid-to-pressure interpolation|regional subset and common-grid standardisation|classification without native 10-m vector wind
ScenarioMIP,CNRM-CERFACS,CNRM-CM6-1,ssp245,r1i1p1f2,False,False,incomplete,none,False,False,False,True,False,False,False,True,gr,201501010130,210012312230,3hr:pr,verified fixed-pressure ua+va or vo at 850/700/500 hPa|six-hourly-or-better psl,regional subset and common-grid standardisation|classification without native 10-m vector wind
ScenarioMIP,CNRM-CERFACS,CNRM-CM6-1,ssp370,r1i1p1f2,False,False,incomplete,none,False,False,False,True,False,False,False,True,gr,201501010130,210012312230,3hr:pr,verified fixed-pressure ua+va or vo at 850/700/500 hPa|six-hourly-or-better psl,regional subset and common-grid standardisation|classification without native 10-m vector wind
ScenarioMIP,CNRM-CERFACS,CNRM-CM6-1,ssp585,r1i1p1f2,False,False,hybrid_levels_convertible,6hrLev:ua+va,False,True,False,True,False,False,True,True,gr,201501010130,210101010000,3hr:pr|6hrLev:ps|6hrLev:ta|6hrLev:ua|6hrLev:va|6hrPlevPt:psl|6hrPlevPt:zg,verified fixed-pressure ua+va or vo at 850/700/500 hPa,hybrid-to-pressure interpolation|regional subset and common-grid standardisation|classification without native 10-m vector wind
ScenarioMIP,CNRM-CERFACS,CNRM-ESM2-1,ssp119,r1i1p1f2,False,False,incomplete,none,False,False,False,True,False,False,False,False,gr,201501010130,210012312230,3hr:pr,verified fixed-pressure ua+va or vo at 850/700/500 hPa|six-hourly-or-better psl,regional subset and common-grid standardisation|classification without native 10-m vector wind
ScenarioMIP,CNRM-CERFACS,CNRM-ESM2-1,ssp126,r1i1p1f2,True,False,candidate_ready,6hrPlevPt:ua+va,True,True,False,True,True,False,True,False,gr,201501010130,210101010000,3hr:pr|6hrLev:ps|6hrLev:ta|6hrLev:ua|6hrLev:va|6hrPlevPt:psl|6hrPlevPt:ta|6hrPlevPt:ua|6hrPlevPt:va|6hrPlevPt:zg,,regional subset and common-grid standardisation|classification without native 10-m vector wind
ScenarioMIP,CNRM-CERFACS,CNRM-ESM2-1,ssp245,r1i1p1f2,False,False,incomplete,none,False,False,False,True,False,False,False,False,gr,201501010130,210012312230,3hr:pr,verified fixed-pressure ua+va or vo at 850/700/500 hPa|six-hourly-or-better psl,regional subset and common-grid standardisation|classification without native 10-m vector wind
ScenarioMIP,CNRM-CERFACS,CNRM-ESM2-1,ssp434,r1i1p1f2,False,False,incomplete,none,False,False,False,True,False,False,False,False,gr,201501010130,210012312230,3hr:pr,verified fixed-pressure ua+va or vo at 850/700/500 hPa|six-hourly-or-better psl,regional subset and common-grid standardisation|classification without native 10-m vector wind
ScenarioMIP,CNRM-CERFACS,CNRM-ESM2-1,ssp460,r1i1p1f2,False,False,incomplete,none,False,False,False,True,False,False,False,False,gr,201501010130,210012312230,3hr:pr,verified fixed-pressure ua+va or vo at 850/700/500 hPa|six-hourly-or-better psl,regional subset and common-grid standardisation|classification without native 10-m vector wind
ScenarioMIP,CSIRO-ARCCSS,ACCESS-CM2,ssp126,r1i1p1f1,False,False,candidate_fields_present_levels_unverified,6hrPlevPt:ua+va,False,True,True,True,True,False,True,False,gn,201501010130,210101010000,3hr:pr|3hr:ps|3hr:uas|3hr:vas|6hrLev:ps|6hrLev:ua|6hrLev:va|6hrPlevPt:psl|6hrPlevPt:ta|6hrPlevPt:ua|6hrPlevPt:va,verified fixed-pressure ua+va or vo at 850/700/500 hPa,regional subset and common-grid standardisation
ScenarioMIP,CSIRO-ARCCSS,ACCESS-CM2,ssp245,r1i1p1f1,False,False,candidate_fields_present_levels_unverified,6hrPlevPt:ua+va,False,True,True,True,True,False,True,False,gn,201501010130,210101010000,3hr:pr|3hr:ps|3hr:uas|3hr:vas|6hrLev:hus|6hrLev:ps|6hrLev:ua|6hrLev:va|6hrPlevPt:psl|6hrPlevPt:ta|6hrPlevPt:ua|6hrPlevPt:va,verified fixed-pressure ua+va or vo at 850/700/500 hPa,regional subset and common-grid standardisation
ScenarioMIP,CSIRO-ARCCSS,ACCESS-CM2,ssp370,r1i1p1f1,False,False,candidate_fields_present_levels_unverified,6hrPlevPt:ua+va,False,True,True,True,True,False,True,False,gn,201501010130,210101010000,3hr:pr|3hr:ps|3hr:uas|3hr:vas|6hrLev:hus|6hrLev:ps|6hrLev:ua|6hrLev:va|6hrPlevPt:psl|6hrPlevPt:ta|6hrPlevPt:ua|6hrPlevPt:va,verified fixed-pressure ua+va or vo at 850/700/500 hPa,regional subset and common-grid standardisation
ScenarioMIP,CSIRO-ARCCSS,ACCESS-CM2,ssp585,r1i1p1f1,False,False,candidate_fields_present_levels_unverified,6hrPlevPt:ua+va,False,True,True,True,True,False,True,False,gn,201501010130,210101010000,3hr:pr|3hr:ps|3hr:uas|3hr:vas|6hrLev:ps|6hrLev:ua|6hrLev:va|6hrPlevPt:psl|6hrPlevPt:ta|6hrPlevPt:ua|6hrPlevPt:va,verified fixed-pressure ua+va or vo at 850/700/500 hPa,regional subset and common-grid standardisation
ScenarioMIP,DKRZ,MPI-ESM1-2-HR,ssp126,r1i1p1f1,True,False,candidate_ready,6hrPlevPt:ua+va,True,True,True,True,True,False,True,True,gn,201501010130,210101010000,3hr:pr|3hr:ps|3hr:uas|3hr:vas|6hrLev:ps|6hrLev:ta|6hrLev:ua|6hrLev:va|6hrPlev:pr|6hrPlev:psl|6hrPlev:uas|6hrPlevPt:psl|6hrPlevPt:ta|6hrPlevPt:ua|6hrPlevPt:uas|6hrPlevPt:va|6hrPlevPt:vas|6hrPlevPt:zg,,regional subset and common-grid standardisation
ScenarioMIP,DKRZ,MPI-ESM1-2-HR,ssp245,r1i1p1f1,True,True,candidate_ready,6hrPlevPt:ua+va,True,True,True,True,True,True,True,True,gn,201501010130,210101010000,3hr:pr|3hr:ps|3hr:uas|3hr:vas|6hrLev:hus|6hrLev:ps|6hrLev:ta|6hrLev:ua|6hrLev:va|6hrPlev:pr|6hrPlev:psl|6hrPlev:uas|6hrPlevPt:hus|6hrPlevPt:psl|6hrPlevPt:ta|6hrPlevPt:ua|6hrPlevPt:uas|6hrPlevPt:va|6hrPlevPt:vas|6hrPlevPt:zg,,regional subset and common-grid standardisation
ScenarioMIP,DKRZ,MPI-ESM1-2-HR,ssp245,r2i1p1f1,True,True,candidate_ready,6hrPlevPt:ua+va,True,True,True,True,True,True,True,False,gn,201501010130,210101010000,3hr:pr|3hr:ps|3hr:uas|3hr:vas|6hrLev:hus|6hrLev:ps|6hrLev:ta|6hrLev:ua|6hrLev:va|6hrPlev:pr|6hrPlev:psl|6hrPlev:uas|6hrPlevPt:hus|6hrPlevPt:psl|6hrPlevPt:ta|6hrPlevPt:ua|6hrPlevPt:uas|6hrPlevPt:va|6hrPlevPt:vas|6hrPlevPt:zg,,regional subset and common-grid standardisation
ScenarioMIP,DKRZ,MPI-ESM1-2-HR,ssp370,r10i1p1f1,False,False,pressure_circulation_without_mslp,6hrPlevPt:ua+va,True,False,False,False,False,False,True,False,gn,201501010300,210101010000,3hr:ps|6hrLev:ps|6hrLev:ua|6hrLev:va|6hrPlevPt:ua|6hrPlevPt:va|6hrPlevPt:zg,six-hourly-or-better psl,regional subset and common-grid standardisation|classification without native 10-m vector wind|precipitation diagnostics unavailable
ScenarioMIP,DKRZ,MPI-ESM1-2-HR,ssp370,r1i1p1f1,True,False,candidate_ready,6hrPlevPt:ua+va,True,True,True,True,True,False,True,True,gn,201501010130,210101010000,3hr:pr|3hr:ps|3hr:uas|3hr:vas|6hrLev:ps|6hrLev:ta|6hrLev:ua|6hrLev:va|6hrPlev:pr|6hrPlev:psl|6hrPlev:uas|6hrPlevPt:psl|6hrPlevPt:ta|6hrPlevPt:ua|6hrPlevPt:uas|6hrPlevPt:va|6hrPlevPt:vas|6hrPlevPt:zg,,regional subset and common-grid standardisation
ScenarioMIP,DKRZ,MPI-ESM1-2-HR,ssp370,r2i1p1f1,True,False,candidate_ready,6hrPlevPt:ua+va,True,True,True,True,True,False,True,False,gn,201501010130,210101010000,3hr:pr|3hr:ps|3hr:uas|3hr:vas|6hrLev:ps|6hrLev:ta|6hrLev:ua|6hrLev:va|6hrPlev:pr|6hrPlev:psl|6hrPlev:uas|6hrPlevPt:psl|6hrPlevPt:ta|6hrPlevPt:ua|6hrPlevPt:uas|6hrPlevPt:va|6hrPlevPt:vas|6hrPlevPt:zg,,regional subset and common-grid standardisation
ScenarioMIP,DKRZ,MPI-ESM1-2-HR,ssp370,r3i1p1f1,True,False,candidate_ready,6hrPlevPt:ua+va,True,True,True,True,True,False,True,False,gn,201501010130,210101010000,3hr:pr|3hr:ps|3hr:uas|3hr:vas|6hrLev:ps|6hrLev:ta|6hrLev:ua|6hrLev:va|6hrPlev:pr|6hrPlev:psl|6hrPlev:uas|6hrPlevPt:psl|6hrPlevPt:ta|6hrPlevPt:ua|6hrPlevPt:uas|6hrPlevPt:va|6hrPlevPt:vas|6hrPlevPt:zg,,regional subset and common-grid standardisation
ScenarioMIP,DKRZ,MPI-ESM1-2-HR,ssp370,r4i1p1f1,False,False,pressure_circulation_without_mslp,6hrPlevPt:ua+va,True,False,False,False,False,False,True,False,gn,201501010300,210101010000,3hr:ps|6hrLev:ps|6hrLev:ua|6hrLev:va|6hrPlevPt:ua|6hrPlevPt:va|6hrPlevPt:zg,six-hourly-or-better psl,regional subset and common-grid standardisation|classification without native 10-m vector wind|precipitation diagnostics unavailable
ScenarioMIP,DKRZ,MPI-ESM1-2-HR,ssp370,r5i1p1f1,False,False,pressure_circulation_without_mslp,6hrPlevPt:ua+va,True,False,False,False,False,False,True,False,gn,201501010300,210101010000,3hr:ps|6hrLev:ps|6hrLev:ua|6hrPlevPt:ua|6hrPlevPt:va|6hrPlevPt:zg,six-hourly-or-better psl,regional subset and common-grid standardisation|classification without native 10-m vector wind|precipitation diagnostics unavailable
ScenarioMIP,DKRZ,MPI-ESM1-2-HR,ssp370,r6i1p1f1,False,False,pressure_circulation_without_mslp,6hrPlevPt:ua+va,True,False,False,False,False,False,True,False,gn,201501010300,210101010000,3hr:ps|6hrLev:ps|6hrLev:ua|6hrLev:va|6hrPlevPt:ua|6hrPlevPt:va|6hrPlevPt:zg,six-hourly-or-better psl,regional subset and common-grid standardisation|classification without native 10-m vector wind|precipitation diagnostics unavailable
ScenarioMIP,DKRZ,MPI-ESM1-2-HR,ssp370,r7i1p1f1,False,False,pressure_circulation_without_mslp,6hrPlevPt:ua+va,True,False,False,False,False,False,True,False,gn,201501010300,210101010000,3hr:ps|6hrLev:ps|6hrPlevPt:ua|6hrPlevPt:va|6hrPlevPt:zg,six-hourly-or-better psl,regional subset and common-grid standardisation|classification without native 10-m vector wind|precipitation diagnostics unavailable
ScenarioMIP,DKRZ,MPI-ESM1-2-HR,ssp370,r8i1p1f1,False,False,pressure_circulation_without_mslp,6hrPlevPt:ua+va,True,False,False,False,False,False,True,False,gn,201501010300,210101010000,3hr:ps|6hrLev:ps|6hrLev:ua|6hrLev:va|6hrPlevPt:ua|6hrPlevPt:va|6hrPlevPt:zg,six-hourly-or-better psl,regional subset and common-grid standardisation|classification without native 10-m vector wind|precipitation diagnostics unavailable
ScenarioMIP,DKRZ,MPI-ESM1-2-HR,ssp370,r9i1p1f1,False,False,pressure_circulation_without_mslp,6hrPlevPt:ua+va,True,False,False,False,False,False,True,False,gn,201501010300,210101010000,3hr:ps|6hrLev:ps|6hrLev:ua|6hrLev:va|6hrPlevPt:ua|6hrPlevPt:va|6hrPlevPt:zg,six-hourly-or-better psl,regional subset and common-grid standardisation|classification without native 10-m vector wind|precipitation diagnostics unavailable
ScenarioMIP,DKRZ,MPI-ESM1-2-HR,ssp585,r1i1p1f1,True,False,candidate_ready,6hrPlevPt:ua+va,True,True,True,True,True,False,True,True,gn,201501010130,210101010000,3hr:pr|3hr:ps|3hr:uas|3hr:vas|6hrLev:ps|6hrLev:ta|6hrLev:ua|6hrLev:va|6hrPlev:pr|6hrPlev:psl|6hrPlev:uas|6hrPlevPt:psl|6hrPlevPt:ta|6hrPlevPt:ua|6hrPlevPt:uas|6hrPlevPt:va|6hrPlevPt:vas|6hrPlevPt:zg,,regional subset and common-grid standardisation
ScenarioMIP,DWD,MPI-ESM1-2-HR,ssp126,r2i1p1f1,True,False,candidate_ready,6hrPlevPt:ua+va,True,True,True,True,True,False,True,False,gn,201501010130,210101010000,3hr:pr|3hr:ps|3hr:uas|3hr:vas|6hrLev:ps|6hrLev:ua|6hrLev:va|6hrPlev:pr|6hrPlev:psl|6hrPlev:uas|6hrPlevPt:psl|6hrPlevPt:ta|6hrPlevPt:ua|6hrPlevPt:uas|6hrPlevPt:va|6hrPlevPt:vas,,regional subset and common-grid standardisation
ScenarioMIP,DWD,MPI-ESM1-2-HR,ssp585,r2i1p1f1,False,False,incomplete,none,False,False,False,False,False,False,False,False,gn,201501010300,210101010000,3hr:uas,verified fixed-pressure ua+va or vo at 850/700/500 hPa|six-hourly-or-better psl,regional subset and common-grid standardisation|classification without native 10-m vector wind|precipitation diagnostics unavailable
ScenarioMIP,EC-Earth-Consortium,EC-Earth3,ssp126,r1i1p1f1,True,False,candidate_ready,6hrPlevPt:ua+va,True,True,True,True,True,False,True,False,gr,201501010000,210012312230,3hr:pr|3hr:ps|3hr:uas|3hr:vas|6hrLev:ps|6hrPlevPt:psl|6hrPlevPt:ta|6hrPlevPt:ua|6hrPlevPt:va|6hrPlevPt:zg,,regional subset and common-grid standardisation
ScenarioMIP,EC-Earth-Consortium,EC-Earth3,ssp126,r4i1p1f1,False,False,incomplete,none,False,False,False,True,False,False,False,False,gr,201501010130,210012312230,3hr:pr,verified fixed-pressure ua+va or vo at 850/700/500 hPa|six-hourly-or-better psl,regional subset and common-grid standardisation|classification without native 10-m vector wind
ScenarioMIP,EC-Earth-Consortium,EC-Earth3,ssp126,r6i1p1f1,False,False,incomplete,none,False,False,False,True,False,False,False,False,gr,201501010130,210012312230,3hr:pr,verified fixed-pressure ua+va or vo at 850/700/500 hPa|six-hourly-or-better psl,regional subset and common-grid standardisation|classification without native 10-m vector wind
ScenarioMIP,EC-Earth-Consortium,EC-Earth3,ssp126,r9i1p1f1,False,False,incomplete,none,False,False,False,True,False,False,False,False,gr,201501010130,210012312230,3hr:pr,verified fixed-pressure ua+va or vo at 850/700/500 hPa|six-hourly-or-better psl,regional subset and common-grid standardisation|classification without native 10-m vector wind
ScenarioMIP,EC-Earth-Consortium,EC-Earth3,ssp245,r1i1p1f1,True,True,candidate_ready,6hrPlevPt:ua+va,True,True,True,True,True,True,True,False,gr,201501010000,210012312230,3hr:pr|3hr:ps|3hr:uas|3hr:vas|6hrLev:ps|6hrPlevPt:hus|6hrPlevPt:psl|6hrPlevPt:ta|6hrPlevPt:ua|6hrPlevPt:va|6hrPlevPt:zg,,regional subset and common-grid standardisation
ScenarioMIP,EC-Earth-Consortium,EC-Earth3,ssp245,r2i1p1f1,True,False,candidate_ready,6hrPlevPt:ua+va,True,True,True,False,True,False,False,False,gr,201501010000,210012311800,6hrPlevPt:psl|6hrPlevPt:ta|6hrPlevPt:ua|6hrPlevPt:uas|6hrPlevPt:va|6hrPlevPt:vas,,regional subset and common-grid standardisation|precipitation diagnostics unavailable
ScenarioMIP,EC-Earth-Consortium,EC-Earth3,ssp245,r4i1p1f1,False,False,incomplete,none,False,False,False,True,False,False,False,False,gr,201501010130,210012312230,3hr:pr,verified fixed-pressure ua+va or vo at 850/700/500 hPa|six-hourly-or-better psl,regional subset and common-grid standardisation|classification without native 10-m vector wind
ScenarioMIP,EC-Earth-Consortium,EC-Earth3,ssp245,r6i1p1f1,False,False,incomplete,none,False,False,False,True,False,False,False,False,gr,201501010130,210012312230,3hr:pr,verified fixed-pressure ua+va or vo at 850/700/500 hPa|six-hourly-or-better psl,regional subset and common-grid standardisation|classification without native 10-m vector wind
ScenarioMIP,EC-Earth-Consortium,EC-Earth3,ssp245,r9i1p1f1,False,False,incomplete,none,False,False,False,True,False,False,False,False,gr,201501010130,210012312230,3hr:pr,verified fixed-pressure ua+va or vo at 850/700/500 hPa|six-hourly-or-better psl,regional subset and common-grid standardisation|classification without native 10-m vector wind
ScenarioMIP,EC-Earth-Consortium,EC-Earth3,ssp370,r1i1p1f1,True,False,candidate_ready,6hrPlevPt:ua+va,True,True,True,True,True,False,True,False,gr,201501010000,210012312230,3hr:pr|3hr:ps|3hr:uas|3hr:vas|6hrLev:ps|6hrPlevPt:psl|6hrPlevPt:ta|6hrPlevPt:ua|6hrPlevPt:va|6hrPlevPt:zg,,regional subset and common-grid standardisation
ScenarioMIP,EC-Earth-Consortium,EC-Earth3,ssp585,r1i1p1f1,True,False,candidate_ready,6hrPlevPt:ua+va,True,True,True,True,True,False,True,False,gr,201501010000,210012312230,3hr:pr|3hr:ps|3hr:uas|3hr:vas|6hrLev:ps|6hrPlevPt:psl|6hrPlevPt:ta|6hrPlevPt:ua|6hrPlevPt:va|6hrPlevPt:zg,,regional subset and common-grid standardisation
ScenarioMIP,EC-Earth-Consortium,EC-Earth3,ssp585,r4i1p1f1,False,False,incomplete,none,False,False,False,True,False,False,False,False,gr,201501010130,210012312230,3hr:pr,verified fixed-pressure ua+va or vo at 850/700/500 hPa|six-hourly-or-better psl,regional subset and common-grid standardisation|classification without native 10-m vector wind
ScenarioMIP,EC-Earth-Consortium,EC-Earth3,ssp585,r6i1p1f1,False,False,incomplete,none,False,False,False,True,False,False,False,False,gr,201501010130,210012312230,3hr:pr,verified fixed-pressure ua+va or vo at 850/700/500 hPa|six-hourly-or-better psl,regional subset and common-grid standardisation|classification without native 10-m vector wind
ScenarioMIP,EC-Earth-Consortium,EC-Earth3,ssp585,r9i1p1f1,False,False,incomplete,none,False,False,False,True,False,False,False,False,gr,201501010130,210012312230,3hr:pr,verified fixed-pressure ua+va or vo at 850/700/500 hPa|six-hourly-or-better psl,regional subset and common-grid standardisation|classification without native 10-m vector wind
ScenarioMIP,EC-Earth-Consortium,EC-Earth3-Veg,ssp119,r1i1p1f1,False,False,incomplete,none,False,False,False,True,False,False,False,False,gr,201501010130,210012312230,3hr:pr,verified fixed-pressure ua+va or vo at 850/700/500 hPa|six-hourly-or-better psl,regional subset and common-grid standardisation|classification without native 10-m vector wind
ScenarioMIP,EC-Earth-Consortium,EC-Earth3-Veg,ssp126,r1i1p1f1,False,False,incomplete,none,False,False,False,True,False,False,False,False,gr,201501010130,210012312230,3hr:pr,verified fixed-pressure ua+va or vo at 850/700/500 hPa|six-hourly-or-better psl,regional subset and common-grid standardisation|classification without native 10-m vector wind
ScenarioMIP,EC-Earth-Consortium,EC-Earth3-Veg,ssp245,r1i1p1f1,False,False,incomplete,none,False,False,False,True,False,False,False,False,gr,201501010130,210012312230,3hr:pr,verified fixed-pressure ua+va or vo at 850/700/500 hPa|six-hourly-or-better psl,regional subset and common-grid standardisation|classification without native 10-m vector wind
ScenarioMIP,EC-Earth-Consortium,EC-Earth3-Veg,ssp370,r1i1p1f1,False,False,incomplete,none,False,False,False,True,False,False,False,False,gr,201501010130,210012312230,3hr:pr,verified fixed-pressure ua+va or vo at 850/700/500 hPa|six-hourly-or-better psl,regional subset and common-grid standardisation|classification without native 10-m vector wind
ScenarioMIP,EC-Earth-Consortium,EC-Earth3-Veg,ssp585,r1i1p1f1,False,False,incomplete,none,False,False,False,True,False,False,False,False,gr,201501010130,210012312230,3hr:pr,verified fixed-pressure ua+va or vo at 850/700/500 hPa|six-hourly-or-better psl,regional subset and common-grid standardisation|classification without native 10-m vector wind
ScenarioMIP,HAMMOZ-Consortium,MPI-ESM-1-2-HAM,ssp370,r1i1p1f1,True,False,candidate_ready,6hrPlevPt:ua+va,True,True,True,True,True,False,True,True,gn,201501010130,205601010000,3hr:pr|3hr:ps|3hr:uas|3hr:vas|6hrLev:ps|6hrLev:ta|6hrLev:ua|6hrLev:va|6hrPlev:pr|6hrPlev:psl|6hrPlev:uas|6hrPlev:vas|6hrPlevPt:psl|6hrPlevPt:ta|6hrPlevPt:ua|6hrPlevPt:uas|6hrPlevPt:va|6hrPlevPt:vas|6hrPlevPt:zg,,regional subset and common-grid standardisation
ScenarioMIP,HAMMOZ-Consortium,MPI-ESM-1-2-HAM,ssp370,r2i1p1f1,True,False,candidate_ready,6hrPlevPt:ua+va,True,True,True,True,True,False,True,False,gn,201501010130,205601010000,3hr:pr|3hr:ps|3hr:uas|3hr:vas|6hrLev:ps|6hrLev:ta|6hrLev:ua|6hrLev:va|6hrPlev:pr|6hrPlev:psl|6hrPlev:uas|6hrPlev:vas|6hrPlevPt:psl|6hrPlevPt:ta|6hrPlevPt:ua|6hrPlevPt:uas|6hrPlevPt:va|6hrPlevPt:vas|6hrPlevPt:zg,,regional subset and common-grid standardisation
ScenarioMIP,IPSL,IPSL-CM5A2-INCA,ssp370,r1i1p1f1,False,False,hybrid_levels_convertible,6hrLev:ua+va,False,True,True,True,False,False,True,False,gr,201501010130,210101010000,3hr:pr|3hr:ps|3hr:uas|3hr:vas|6hrLev:hus|6hrLev:ps|6hrLev:ta|6hrLev:ua|6hrLev:va|6hrPlev:psl,verified fixed-pressure ua+va or vo at 850/700/500 hPa,hybrid-to-pressure interpolation|regional subset and common-grid standardisation
ScenarioMIP,IPSL,IPSL-CM6A-LR,ssp119,r1i1p1f1,False,False,hybrid_levels_convertible,6hrLev:ua+va,False,True,True,True,False,False,True,True,gr,201501010130,210101010000,3hr:pr|3hr:ps|3hr:uas|3hr:vas|6hrLev:ps|6hrLev:ta|6hrLev:ua|6hrLev:va|6hrPlev:psl|6hrPlevPt:zg,verified fixed-pressure ua+va or vo at 850/700/500 hPa,hybrid-to-pressure interpolation|regional subset and common-grid standardisation
ScenarioMIP,IPSL,IPSL-CM6A-LR,ssp119,r2i1p1f1,False,False,hybrid_levels_convertible,6hrLev:ua+va,False,True,True,True,False,False,True,True,gr,201501010130,210101010000,3hr:pr|3hr:ps|3hr:uas|3hr:vas|6hrLev:ps|6hrLev:ta|6hrLev:ua|6hrLev:va|6hrPlev:psl|6hrPlevPt:zg,verified fixed-pressure ua+va or vo at 850/700/500 hPa,hybrid-to-pressure interpolation|regional subset and common-grid standardisation
ScenarioMIP,IPSL,IPSL-CM6A-LR,ssp119,r3i1p1f1,False,False,hybrid_levels_convertible,6hrLev:ua+va,False,True,True,True,False,False,True,False,gr,201501010130,210101010000,3hr:pr|3hr:ps|3hr:uas|3hr:vas|6hrLev:ps|6hrLev:ta|6hrLev:ua|6hrLev:va|6hrPlev:psl|6hrPlevPt:zg,verified fixed-pressure ua+va or vo at 850/700/500 hPa,hybrid-to-pressure interpolation|regional subset and common-grid standardisation
ScenarioMIP,IPSL,IPSL-CM6A-LR,ssp126,r1i1p1f1,False,False,hybrid_levels_convertible,6hrLev:ua+va,False,True,True,True,False,False,True,True,gr,201501010130,230101010000,3hr:pr|3hr:ps|3hr:uas|3hr:vas|6hrLev:ps|6hrLev:ta|6hrLev:ua|6hrLev:va|6hrPlev:psl|6hrPlevPt:zg,verified fixed-pressure ua+va or vo at 850/700/500 hPa,hybrid-to-pressure interpolation|regional subset and common-grid standardisation
ScenarioMIP,IPSL,IPSL-CM6A-LR,ssp126,r2i1p1f1,False,False,hybrid_levels_convertible,6hrLev:ua+va,False,True,True,True,False,False,True,True,gr,201501010130,210101010000,3hr:pr|3hr:ps|3hr:uas|3hr:vas|6hrLev:ps|6hrLev:ta|6hrLev:ua|6hrLev:va|6hrPlev:psl|6hrPlevPt:zg,verified fixed-pressure ua+va or vo at 850/700/500 hPa,hybrid-to-pressure interpolation|regional subset and common-grid standardisation
ScenarioMIP,IPSL,IPSL-CM6A-LR,ssp126,r3i1p1f1,False,False,hybrid_levels_convertible,6hrLev:ua+va,False,True,True,True,False,False,True,False,gr,201501010130,210101010000,3hr:pr|3hr:ps|3hr:uas|3hr:vas|6hrLev:ps|6hrLev:ta|6hrLev:ua|6hrLev:va|6hrPlev:psl|6hrPlevPt:zg,verified fixed-pressure ua+va or vo at 850/700/500 hPa,hybrid-to-pressure interpolation|regional subset and common-grid standardisation
ScenarioMIP,IPSL,IPSL-CM6A-LR,ssp126,r4i1p1f1,False,False,incomplete,none,False,False,False,True,False,False,False,True,gr,201501010130,210012312230,3hr:pr,verified fixed-pressure ua+va or vo at 850/700/500 hPa|six-hourly-or-better psl,regional subset and common-grid standardisation|classification without native 10-m vector wind
ScenarioMIP,IPSL,IPSL-CM6A-LR,ssp126,r6i1p1f1,False,False,incomplete,none,False,False,False,True,False,False,False,True,gr,201501010130,210012312230,3hr:pr,verified fixed-pressure ua+va or vo at 850/700/500 hPa|six-hourly-or-better psl,regional subset and common-grid standardisation|classification without native 10-m vector wind
ScenarioMIP,IPSL,IPSL-CM6A-LR,ssp245,r10i1p1f1,False,False,incomplete,none,False,False,False,True,False,False,False,False,gr,201501010130,210012312230,3hr:pr,verified fixed-pressure ua+va or vo at 850/700/500 hPa|six-hourly-or-better psl,regional subset and common-grid standardisation|classification without native 10-m vector wind
ScenarioMIP,IPSL,IPSL-CM6A-LR,ssp245,r1i1p1f1,False,False,hybrid_levels_convertible,6hrLev:ua+va,False,True,True,True,False,False,True,True,gr,201501010130,210101010000,3hr:pr|3hr:ps|3hr:uas|3hr:vas|6hrLev:hus|6hrLev:ps|6hrLev:ta|6hrLev:ua|6hrLev:va|6hrPlev:psl|6hrPlevPt:zg,verified fixed-pressure ua+va or vo at 850/700/500 hPa,hybrid-to-pressure interpolation|regional subset and common-grid standardisation
ScenarioMIP,IPSL,IPSL-CM6A-LR,ssp245,r2i1p1f1,False,False,hybrid_levels_convertible,6hrLev:ua+va,False,True,True,True,False,False,True,True,gr,201501010130,210101010000,3hr:pr|3hr:ps|3hr:uas|3hr:vas|6hrLev:hus|6hrLev:ps|6hrLev:ta|6hrLev:ua|6hrLev:va|6hrPlev:psl|6hrPlevPt:zg,verified fixed-pressure ua+va or vo at 850/700/500 hPa,hybrid-to-pressure interpolation|regional subset and common-grid standardisation
ScenarioMIP,IPSL,IPSL-CM6A-LR,ssp245,r3i1p1f1,False,False,hybrid_levels_convertible,6hrLev:ua+va,False,True,True,True,False,False,True,False,gr,201501010130,210101010000,3hr:pr|3hr:ps|3hr:uas|3hr:vas|6hrLev:hus|6hrLev:ps|6hrLev:ta|6hrLev:ua|6hrLev:va|6hrPlev:psl|6hrPlevPt:zg,verified fixed-pressure ua+va or vo at 850/700/500 hPa,hybrid-to-pressure interpolation|regional subset and common-grid standardisation
ScenarioMIP,IPSL,IPSL-CM6A-LR,ssp245,r4i1p1f1,False,False,incomplete,none,False,False,False,True,False,False,False,True,gr,201501010130,210012312230,3hr:pr,verified fixed-pressure ua+va or vo at 850/700/500 hPa|six-hourly-or-better psl,regional subset and common-grid standardisation|classification without native 10-m vector wind
ScenarioMIP,IPSL,IPSL-CM6A-LR,ssp245,r5i1p1f1,False,False,incomplete,none,False,False,False,True,False,False,False,True,gr,201501010130,210012312230,3hr:pr,verified fixed-pressure ua+va or vo at 850/700/500 hPa|six-hourly-or-better psl,regional subset and common-grid standardisation|classification without native 10-m vector wind
ScenarioMIP,IPSL,IPSL-CM6A-LR,ssp245,r6i1p1f1,False,False,incomplete,none,False,False,False,True,False,False,False,True,gr,201501010130,210012312230,3hr:pr,verified fixed-pressure ua+va or vo at 850/700/500 hPa|six-hourly-or-better psl,regional subset and common-grid standardisation|classification without native 10-m vector wind
ScenarioMIP,IPSL,IPSL-CM6A-LR,ssp370,r10i1p1f1,False,False,hybrid_levels_convertible,6hrLev:ua+va,False,True,True,True,False,False,True,False,gr,201501010130,210101010000,3hr:pr|3hr:ps|3hr:uas|3hr:vas|6hrLev:ps|6hrLev:ta|6hrLev:ua|6hrLev:va|6hrPlev:psl|6hrPlevPt:zg,verified fixed-pressure ua+va or vo at 850/700/500 hPa,hybrid-to-pressure interpolation|regional subset and common-grid standardisation
ScenarioMIP,IPSL,IPSL-CM6A-LR,ssp370,r1i1p1f1,False,False,hybrid_levels_convertible,6hrLev:ua+va,False,True,True,True,False,False,True,True,gr,201501010130,210101010000,3hr:pr|3hr:ps|3hr:uas|3hr:vas|6hrLev:ps|6hrLev:ta|6hrLev:ua|6hrLev:va|6hrPlev:psl|6hrPlevPt:zg,verified fixed-pressure ua+va or vo at 850/700/500 hPa,hybrid-to-pressure interpolation|regional subset and common-grid standardisation
ScenarioMIP,IPSL,IPSL-CM6A-LR,ssp370,r2i1p1f1,False,False,hybrid_levels_convertible,6hrLev:ua+va,False,True,True,True,False,False,True,True,gr,201501010130,210101010000,3hr:pr|3hr:ps|3hr:uas|3hr:vas|6hrLev:ps|6hrLev:ta|6hrLev:ua|6hrLev:va|6hrPlev:psl|6hrPlevPt:zg,verified fixed-pressure ua+va or vo at 850/700/500 hPa,hybrid-to-pressure interpolation|regional subset and common-grid standardisation
ScenarioMIP,IPSL,IPSL-CM6A-LR,ssp370,r3i1p1f1,False,False,hybrid_levels_convertible,6hrLev:ua+va,False,True,True,True,False,False,True,False,gr,201501010130,210101010000,3hr:pr|3hr:ps|3hr:uas|3hr:vas|6hrLev:ps|6hrLev:ta|6hrLev:ua|6hrLev:va|6hrPlev:psl|6hrPlevPt:zg,verified fixed-pressure ua+va or vo at 850/700/500 hPa,hybrid-to-pressure interpolation|regional subset and common-grid standardisation
ScenarioMIP,IPSL,IPSL-CM6A-LR,ssp370,r4i1p1f1,False,False,hybrid_levels_convertible,6hrLev:ua+va,False,True,True,True,False,False,True,True,gr,201501010130,210101010000,3hr:pr|3hr:ps|3hr:uas|3hr:vas|6hrLev:ps|6hrLev:ta|6hrLev:ua|6hrLev:va|6hrPlev:psl|6hrPlevPt:zg,verified fixed-pressure ua+va or vo at 850/700/500 hPa,hybrid-to-pressure interpolation|regional subset and common-grid standardisation
ScenarioMIP,IPSL,IPSL-CM6A-LR,ssp370,r5i1p1f1,False,False,hybrid_levels_convertible,6hrLev:ua+va,False,True,True,True,False,False,True,True,gr,201501010130,210101010000,3hr:pr|3hr:ps|3hr:uas|3hr:vas|6hrLev:ps|6hrLev:ta|6hrLev:ua|6hrLev:va|6hrPlev:psl|6hrPlevPt:zg,verified fixed-pressure ua+va or vo at 850/700/500 hPa,hybrid-to-pressure interpolation|regional subset and common-grid standardisation
ScenarioMIP,IPSL,IPSL-CM6A-LR,ssp370,r6i1p1f1,False,False,hybrid_levels_convertible,6hrLev:ua+va,False,True,True,True,False,False,True,True,gr,201501010130,210101010000,3hr:pr|3hr:ps|3hr:uas|3hr:vas|6hrLev:ps|6hrLev:ta|6hrLev:ua|6hrLev:va|6hrPlev:psl|6hrPlevPt:zg,verified fixed-pressure ua+va or vo at 850/700/500 hPa,hybrid-to-pressure interpolation|regional subset and common-grid standardisation
ScenarioMIP,IPSL,IPSL-CM6A-LR,ssp370,r7i1p1f1,False,False,hybrid_levels_convertible,6hrLev:ua+va,False,True,True,True,False,False,True,True,gr,201501010130,210101010000,3hr:pr|3hr:ps|3hr:uas|3hr:vas|6hrLev:ps|6hrLev:ta|6hrLev:ua|6hrLev:va|6hrPlev:psl|6hrPlevPt:zg,verified fixed-pressure ua+va or vo at 850/700/500 hPa,hybrid-to-pressure interpolation|regional subset and common-grid standardisation
ScenarioMIP,IPSL,IPSL-CM6A-LR,ssp370,r8i1p1f1,False,False,hybrid_levels_convertible,6hrLev:ua+va,False,True,True,True,False,False,True,True,gr,201501010130,210101010000,3hr:pr|3hr:ps|3hr:uas|3hr:vas|6hrLev:ps|6hrLev:ta|6hrLev:ua|6hrLev:va|6hrPlev:psl|6hrPlevPt:zg,verified fixed-pressure ua+va or vo at 850/700/500 hPa,hybrid-to-pressure interpolation|regional subset and common-grid standardisation
ScenarioMIP,IPSL,IPSL-CM6A-LR,ssp370,r9i1p1f1,False,False,hybrid_levels_convertible,6hrLev:ua+va,False,True,True,True,False,False,True,True,gr,201501010130,210101010000,3hr:pr|3hr:ps|3hr:uas|3hr:vas|6hrLev:ps|6hrLev:ta|6hrLev:ua|6hrLev:va|6hrPlev:psl|6hrPlevPt:zg,verified fixed-pressure ua+va or vo at 850/700/500 hPa,hybrid-to-pressure interpolation|regional subset and common-grid standardisation
ScenarioMIP,IPSL,IPSL-CM6A-LR,ssp434,r1i1p1f1,False,False,hybrid_levels_convertible,6hrLev:ua+va,False,True,True,True,False,False,True,True,gr,201501010130,210101010000,3hr:pr|3hr:ps|3hr:uas|3hr:vas|6hrLev:ps|6hrLev:ta|6hrLev:ua|6hrLev:va|6hrPlev:psl|6hrPlevPt:zg,verified fixed-pressure ua+va or vo at 850/700/500 hPa,hybrid-to-pressure interpolation|regional subset and common-grid standardisation
ScenarioMIP,IPSL,IPSL-CM6A-LR,ssp434,r1i1p1f2,False,False,hybrid_levels_convertible,6hrLev:ua+va,False,True,True,True,False,False,True,False,gr,201501010130,210101010000,3hr:pr|3hr:ps|3hr:uas|3hr:vas|6hrLev:ps|6hrLev:ta|6hrLev:ua|6hrLev:va|6hrPlev:psl|6hrPlevPt:zg,verified fixed-pressure ua+va or vo at 850/700/500 hPa,hybrid-to-pressure interpolation|regional subset and common-grid standardisation
ScenarioMIP,IPSL,IPSL-CM6A-LR,ssp460,r1i1p1f1,False,False,hybrid_levels_convertible,6hrLev:ua+va,False,True,True,True,False,False,True,True,gr,201501010130,210101010000,3hr:pr|3hr:ps|3hr:uas|3hr:vas|6hrLev:ps|6hrLev:ta|6hrLev:ua|6hrLev:va|6hrPlev:psl|6hrPlevPt:zg,verified fixed-pressure ua+va or vo at 850/700/500 hPa,hybrid-to-pressure interpolation|regional subset and common-grid standardisation
ScenarioMIP,IPSL,IPSL-CM6A-LR,ssp460,r1i1p1f2,False,False,hybrid_levels_convertible,6hrLev:ua+va,False,True,True,True,False,False,True,False,gr,201501010130,210101010000,3hr:pr|3hr:ps|3hr:uas|3hr:vas|6hrLev:ps|6hrLev:ta|6hrLev:ua|6hrLev:va|6hrPlev:psl|6hrPlevPt:zg,verified fixed-pressure ua+va or vo at 850/700/500 hPa,hybrid-to-pressure interpolation|regional subset and common-grid standardisation
ScenarioMIP,IPSL,IPSL-CM6A-LR,ssp460,r2i1p1f1,False,False,hybrid_levels_convertible,6hrLev:ua+va,False,True,True,True,False,False,True,True,gr,201501010130,210101010000,3hr:pr|3hr:ps|3hr:uas|3hr:vas|6hrLev:ps|6hrLev:ta|6hrLev:ua|6hrLev:va|6hrPlev:psl|6hrPlevPt:zg,verified fixed-pressure ua+va or vo at 850/700/500 hPa,hybrid-to-pressure interpolation|regional subset and common-grid standardisation
ScenarioMIP,IPSL,IPSL-CM6A-LR,ssp460,r3i1p1f1,False,False,hybrid_levels_convertible,6hrLev:ua+va,False,True,True,True,False,False,True,False,gr,201501010130,210101010000,3hr:pr|3hr:ps|3hr:uas|3hr:vas|6hrLev:ps|6hrLev:ta|6hrLev:ua|6hrLev:va|6hrPlev:psl|6hrPlevPt:zg,verified fixed-pressure ua+va or vo at 850/700/500 hPa,hybrid-to-pressure interpolation|regional subset and common-grid standardisation
ScenarioMIP,IPSL,IPSL-CM6A-LR,ssp534-over,r1i1p1f1,False,False,hybrid_levels_convertible,6hrLev:ua+va,False,True,True,True,False,False,True,True,gr,204001010130,230101010000,3hr:pr|3hr:ps|3hr:uas|3hr:vas|6hrLev:ps|6hrLev:ta|6hrLev:ua|6hrLev:va|6hrPlev:psl|6hrPlevPt:zg,verified fixed-pressure ua+va or vo at 850/700/500 hPa,hybrid-to-pressure interpolation|regional subset and common-grid standardisation
ScenarioMIP,IPSL,IPSL-CM6A-LR,ssp585,r1i1p1f1,False,False,hybrid_levels_convertible,6hrLev:ua+va,False,True,True,True,False,False,True,True,gr,201501010130,230101010000,3hr:pr|3hr:ps|3hr:uas|3hr:vas|6hrLev:ps|6hrLev:ta|6hrLev:ua|6hrLev:va|6hrPlev:psl|6hrPlevPt:zg,verified fixed-pressure ua+va or vo at 850/700/500 hPa,hybrid-to-pressure interpolation|regional subset and common-grid standardisation
ScenarioMIP,IPSL,IPSL-CM6A-LR,ssp585,r2i1p1f1,False,False,hybrid_levels_convertible,6hrLev:ua+va,False,True,True,True,False,False,True,True,gr,201501010130,210101010000,3hr:pr|3hr:ps|3hr:uas|3hr:vas|6hrLev:ps|6hrLev:ta|6hrLev:ua|6hrLev:va|6hrPlev:psl|6hrPlevPt:zg,verified fixed-pressure ua+va or vo at 850/700/500 hPa,hybrid-to-pressure interpolation|regional subset and common-grid standardisation
ScenarioMIP,IPSL,IPSL-CM6A-LR,ssp585,r3i1p1f1,False,False,hybrid_levels_convertible,6hrLev:ua+va,False,True,True,True,False,False,True,False,gr,201501010130,210101010000,3hr:pr|3hr:ps|3hr:uas|3hr:vas|6hrLev:ps|6hrLev:ta|6hrLev:ua|6hrLev:va|6hrPlev:psl|6hrPlevPt:zg,verified fixed-pressure ua+va or vo at 850/700/500 hPa,hybrid-to-pressure interpolation|regional subset and common-grid standardisation
ScenarioMIP,IPSL,IPSL-CM6A-LR,ssp585,r4i1p1f1,False,False,incomplete,none,False,False,False,True,False,False,False,True,gr,201501010130,210012312230,3hr:pr,verified fixed-pressure ua+va or vo at 850/700/500 hPa|six-hourly-or-better psl,regional subset and common-grid standardisation|classification without native 10-m vector wind
ScenarioMIP,IPSL,IPSL-CM6A-LR,ssp585,r6i1p1f1,False,False,incomplete,none,False,False,False,True,False,False,False,True,gr,201501010130,210012312230,3hr:pr,verified fixed-pressure ua+va or vo at 850/700/500 hPa|six-hourly-or-better psl,regional subset and common-grid standardisation|classification without native 10-m vector wind
ScenarioMIP,KIOST,KIOST-ESM,ssp126,r1i1p1f1,False,False,candidate_fields_present_levels_unverified,6hrPlevPt:ua+va,False,True,True,True,True,False,True,False,gr1,201501010000,210001010000,3hr:pr|3hr:ps|3hr:uas|3hr:vas|6hrLev:ps|6hrPlevPt:psl|6hrPlevPt:ta|6hrPlevPt:ua|6hrPlevPt:va,verified fixed-pressure ua+va or vo at 850/700/500 hPa,regional subset and common-grid standardisation
ScenarioMIP,KIOST,KIOST-ESM,ssp245,r1i1p1f1,False,False,candidate_fields_present_levels_unverified,6hrPlevPt:ua+va,False,True,True,True,True,False,True,False,gr1,201501010000,210001010000,3hr:pr|3hr:ps|3hr:uas|3hr:vas|6hrLev:ps|6hrPlevPt:psl|6hrPlevPt:ta|6hrPlevPt:ua|6hrPlevPt:va,verified fixed-pressure ua+va or vo at 850/700/500 hPa,regional subset and common-grid standardisation
ScenarioMIP,KIOST,KIOST-ESM,ssp585,r1i1p1f1,False,False,candidate_fields_present_levels_unverified,6hrPlevPt:ua+va,False,True,True,True,True,False,True,False,gr1,201501010000,210001010000,3hr:pr|3hr:ps|3hr:uas|3hr:vas|6hrLev:ps|6hrPlevPt:psl|6hrPlevPt:ta|6hrPlevPt:ua|6hrPlevPt:va,verified fixed-pressure ua+va or vo at 850/700/500 hPa,regional subset and common-grid standardisation
ScenarioMIP,MIROC,MIROC6,ssp126,r1i1p1f1,True,False,candidate_ready,6hrPlevPt:ua+va,True,True,True,True,True,False,True,True,gn,201501010130,210101010000,3hr:pr|3hr:ps|3hr:uas|3hr:vas|6hrLev:ps|6hrLev:ta|6hrLev:ua|6hrLev:va|6hrPlev:pr|6hrPlev:uas|6hrPlev:vas|6hrPlevPt:psl|6hrPlevPt:ta|6hrPlevPt:ua|6hrPlevPt:uas|6hrPlevPt:va|6hrPlevPt:vas|6hrPlevPt:zg,,regional subset and common-grid standardisation
ScenarioMIP,MIROC,MIROC6,ssp126,r2i1p1f1,True,False,candidate_ready,6hrPlevPt:ua+va,True,True,True,True,True,False,True,False,gn,201501010130,210101010000,3hr:pr|3hr:ps|3hr:uas|3hr:vas|6hrPlev:pr|6hrPlevPt:psl|6hrPlevPt:ta|6hrPlevPt:ua|6hrPlevPt:uas|6hrPlevPt:va|6hrPlevPt:vas|6hrPlevPt:zg,,regional subset and common-grid standardisation
ScenarioMIP,MIROC,MIROC6,ssp126,r3i1p1f1,True,False,candidate_ready,6hrPlevPt:ua+va,True,True,True,True,True,False,True,False,gn,201501010130,210101010000,3hr:pr|3hr:ps|3hr:uas|3hr:vas|6hrPlev:pr|6hrPlevPt:psl|6hrPlevPt:ta|6hrPlevPt:ua|6hrPlevPt:uas|6hrPlevPt:va|6hrPlevPt:vas|6hrPlevPt:zg,,regional subset and common-grid standardisation
ScenarioMIP,MIROC,MIROC6,ssp245,r1i1p1f1,True,True,candidate_ready,6hrPlevPt:ua+va,True,True,True,True,True,True,True,True,gn,201501010130,210101010000,3hr:pr|3hr:ps|3hr:uas|3hr:vas|6hrLev:hus|6hrLev:ps|6hrLev:ta|6hrLev:ua|6hrLev:va|6hrPlev:pr|6hrPlev:uas|6hrPlev:vas|6hrPlevPt:hus|6hrPlevPt:psl|6hrPlevPt:ta|6hrPlevPt:ua|6hrPlevPt:uas|6hrPlevPt:va|6hrPlevPt:vas|6hrPlevPt:zg,,regional subset and common-grid standardisation
ScenarioMIP,MIROC,MIROC6,ssp245,r2i1p1f1,False,False,incomplete,none,False,False,False,True,False,False,False,False,gn,201501010130,210012312230,3hr:pr|6hrPlev:pr,verified fixed-pressure ua+va or vo at 850/700/500 hPa|six-hourly-or-better psl,regional subset and common-grid standardisation|classification without native 10-m vector wind
ScenarioMIP,MIROC,MIROC6,ssp245,r3i1p1f1,False,False,incomplete,none,False,False,False,True,False,False,False,False,gn,201501010130,210012312230,3hr:pr|6hrPlev:pr,verified fixed-pressure ua+va or vo at 850/700/500 hPa|six-hourly-or-better psl,regional subset and common-grid standardisation|classification without native 10-m vector wind
ScenarioMIP,MIROC,MIROC6,ssp370,r1i1p1f1,True,False,candidate_ready,6hrPlevPt:ua+va,True,True,True,True,True,False,True,True,gn,201501010130,210101010000,3hr:pr|3hr:ps|3hr:uas|3hr:vas|6hrLev:ps|6hrLev:ta|6hrLev:ua|6hrLev:va|6hrPlev:pr|6hrPlev:uas|6hrPlev:vas|6hrPlevPt:psl|6hrPlevPt:ta|6hrPlevPt:ua|6hrPlevPt:uas|6hrPlevPt:va|6hrPlevPt:vas|6hrPlevPt:zg,,regional subset and common-grid standardisation
ScenarioMIP,MIROC,MIROC6,ssp370,r2i1p1f1,False,False,incomplete,none,False,True,True,True,True,False,True,False,gn,201501010130,210101010000,3hr:pr|3hr:ps|3hr:uas|3hr:vas|6hrPlevPt:psl|6hrPlevPt:ta|6hrPlevPt:ua|6hrPlevPt:uas|6hrPlevPt:vas|6hrPlevPt:zg,verified fixed-pressure ua+va or vo at 850/700/500 hPa,regional subset and common-grid standardisation
ScenarioMIP,MIROC,MIROC6,ssp370,r3i1p1f1,True,False,candidate_ready,6hrPlevPt:ua+va,True,True,True,True,True,False,True,False,gn,201501010130,210101010000,3hr:pr|3hr:ps|3hr:uas|3hr:vas|6hrPlev:pr|6hrPlevPt:psl|6hrPlevPt:ta|6hrPlevPt:ua|6hrPlevPt:uas|6hrPlevPt:va|6hrPlevPt:vas|6hrPlevPt:zg,,regional subset and common-grid standardisation
ScenarioMIP,MIROC,MIROC6,ssp585,r1i1p1f1,True,False,candidate_ready,6hrPlevPt:ua+va,True,True,True,True,True,False,True,True,gn,201501010130,210101010000,3hr:pr|3hr:ps|3hr:uas|3hr:vas|6hrLev:ps|6hrLev:ta|6hrLev:ua|6hrLev:va|6hrPlev:pr|6hrPlev:uas|6hrPlev:vas|6hrPlevPt:psl|6hrPlevPt:ta|6hrPlevPt:ua|6hrPlevPt:uas|6hrPlevPt:va|6hrPlevPt:vas|6hrPlevPt:zg,,regional subset and common-grid standardisation
ScenarioMIP,MIROC,MIROC6,ssp585,r2i1p1f1,True,False,candidate_ready,6hrPlevPt:ua+va,True,True,True,True,True,False,True,False,gn,201501010130,210101010000,3hr:pr|3hr:ps|3hr:uas|3hr:vas|6hrPlev:pr|6hrPlevPt:psl|6hrPlevPt:ta|6hrPlevPt:ua|6hrPlevPt:uas|6hrPlevPt:va|6hrPlevPt:vas|6hrPlevPt:zg,,regional subset and common-grid standardisation
ScenarioMIP,MIROC,MIROC6,ssp585,r3i1p1f1,True,False,candidate_ready,6hrPlevPt:ua+va,True,True,True,True,True,False,True,False,gn,201501010130,210101010000,3hr:pr|3hr:ps|3hr:uas|3hr:vas|6hrPlev:pr|6hrPlevPt:psl|6hrPlevPt:ta|6hrPlevPt:ua|6hrPlevPt:uas|6hrPlevPt:va|6hrPlevPt:vas|6hrPlevPt:zg,,regional subset and common-grid standardisation
ScenarioMIP,MOHC,HadGEM3-GC31-LL,ssp126,r1i1p1f3,False,False,hybrid_levels_convertible,6hrLev:ua+va,False,True,True,True,False,True,True,True,gn,201501010130,210101010000,3hr:pr|3hr:ps|3hr:uas|3hr:vas|6hrLev:hus|6hrLev:ps|6hrLev:ta|6hrLev:ua|6hrLev:va|6hrPlev:psl|6hrPlevPt:hus|6hrPlevPt:psl,verified fixed-pressure ua+va or vo at 850/700/500 hPa,hybrid-to-pressure interpolation|regional subset and common-grid standardisation
ScenarioMIP,MOHC,HadGEM3-GC31-LL,ssp245,r1i1p1f3,True,True,candidate_ready,6hrPlevPt:ua+va,True,True,True,True,True,True,True,True,gn,201501010130,210101010000,3hr:pr|3hr:ps|3hr:uas|3hr:vas|6hrLev:hus|6hrLev:ta|6hrLev:ua|6hrLev:va|6hrPlev:psl|6hrPlevPt:hus|6hrPlevPt:ta|6hrPlevPt:ua|6hrPlevPt:va|6hrPlevPt:zg,,regional subset and common-grid standardisation
ScenarioMIP,MOHC,HadGEM3-GC31-LL,ssp585,r1i1p1f3,False,False,hybrid_levels_convertible,6hrLev:ua+va,False,True,True,True,False,True,True,True,gn,201501010130,210101010000,3hr:pr|3hr:ps|3hr:uas|3hr:vas|6hrLev:hus|6hrLev:ps|6hrLev:ta|6hrLev:ua|6hrLev:va|6hrPlev:psl|6hrPlevPt:hus|6hrPlevPt:psl,verified fixed-pressure ua+va or vo at 850/700/500 hPa,hybrid-to-pressure interpolation|regional subset and common-grid standardisation
ScenarioMIP,MOHC,HadGEM3-GC31-MM,ssp126,r1i1p1f3,True,True,candidate_ready,6hrPlevPt:ua+va,True,True,True,True,True,True,True,True,gn,201501010130,210101010000,3hr:pr|3hr:ps|3hr:uas|3hr:vas|6hrLev:hus|6hrLev:ps|6hrLev:ta|6hrLev:ua|6hrLev:va|6hrPlev:psl|6hrPlevPt:hus|6hrPlevPt:psl|6hrPlevPt:ta|6hrPlevPt:ua|6hrPlevPt:va|6hrPlevPt:zg,,regional subset and common-grid standardisation
ScenarioMIP,MOHC,HadGEM3-GC31-MM,ssp585,r1i1p1f3,True,True,candidate_ready,6hrPlevPt:ua+va,True,True,True,True,True,True,True,True,gn,201501010130,210101010000,3hr:pr|3hr:ps|3hr:uas|3hr:vas|6hrLev:hus|6hrLev:ps|6hrLev:ta|6hrLev:ua|6hrLev:va|6hrPlev:psl|6hrPlevPt:hus|6hrPlevPt:psl|6hrPlevPt:ta|6hrPlevPt:ua|6hrPlevPt:va|6hrPlevPt:zg,,regional subset and common-grid standardisation
ScenarioMIP,MOHC,UKESM1-0-LL,ssp126,r1i1p1f2,False,False,incomplete,none,False,False,False,True,False,True,True,False,gn,201501010130,210101010000,3hr:pr|3hr:ps|6hrLev:hus|6hrLev:ps|6hrLev:ta|6hrLev:ua|6hrLev:va|6hrPlevPt:hus,verified fixed-pressure ua+va or vo at 850/700/500 hPa|six-hourly-or-better psl,regional subset and common-grid standardisation|classification without native 10-m vector wind
ScenarioMIP,MOHC,UKESM1-0-LL,ssp126,r2i1p1f2,False,False,incomplete,none,False,False,False,False,False,False,True,False,gn,201501010600,210101010000,6hrLev:hus|6hrLev:ps|6hrLev:ta|6hrLev:ua|6hrLev:va,verified fixed-pressure ua+va or vo at 850/700/500 hPa|six-hourly-or-better psl,regional subset and common-grid standardisation|classification without native 10-m vector wind|precipitation diagnostics unavailable
ScenarioMIP,MOHC,UKESM1-0-LL,ssp126,r3i1p1f2,False,False,incomplete,none,False,False,False,False,False,False,True,False,gn,201501010600,210101010000,6hrLev:hus|6hrLev:ps|6hrLev:ta|6hrLev:ua|6hrLev:va,verified fixed-pressure ua+va or vo at 850/700/500 hPa|six-hourly-or-better psl,regional subset and common-grid standardisation|classification without native 10-m vector wind|precipitation diagnostics unavailable
ScenarioMIP,MOHC,UKESM1-0-LL,ssp245,r1i1p1f2,False,False,pressure_circulation_without_mslp,6hrPlevPt:ua+va,False,False,False,True,False,False,True,False,gn,201501010130,210101010000,3hr:pr|3hr:ps|6hrLev:hus|6hrLev:ps|6hrLev:ta|6hrLev:ua|6hrLev:va|6hrPlevPt:ua|6hrPlevPt:va,verified fixed-pressure ua+va or vo at 850/700/500 hPa|six-hourly-or-better psl,regional subset and common-grid standardisation|classification without native 10-m vector wind
ScenarioMIP,MOHC,UKESM1-0-LL,ssp245,r2i1p1f2,False,False,pressure_circulation_without_mslp,6hrPlevPt:ua+va,False,False,False,True,False,False,True,False,gn,201501010130,210101010000,3hr:pr|3hr:ps|6hrLev:hus|6hrLev:ps|6hrLev:ta|6hrLev:ua|6hrLev:va|6hrPlevPt:ua|6hrPlevPt:va,verified fixed-pressure ua+va or vo at 850/700/500 hPa|six-hourly-or-better psl,regional subset and common-grid standardisation|classification without native 10-m vector wind
ScenarioMIP,MOHC,UKESM1-0-LL,ssp245,r3i1p1f2,False,False,pressure_circulation_without_mslp,6hrPlevPt:ua+va,False,False,False,True,False,False,True,False,gn,201501010130,210101010000,3hr:pr|3hr:ps|6hrLev:hus|6hrLev:ps|6hrLev:ta|6hrLev:ua|6hrLev:va|6hrPlevPt:ua|6hrPlevPt:va,verified fixed-pressure ua+va or vo at 850/700/500 hPa|six-hourly-or-better psl,regional subset and common-grid standardisation|classification without native 10-m vector wind
ScenarioMIP,MOHC,UKESM1-0-LL,ssp245,r4i1p1f2,False,False,pressure_circulation_without_mslp,6hrPlevPt:ua+va,False,False,False,True,False,False,True,False,gn,201501010130,210101010000,3hr:pr|3hr:ps|6hrPlevPt:ua|6hrPlevPt:va,verified fixed-pressure ua+va or vo at 850/700/500 hPa|six-hourly-or-better psl,regional subset and common-grid standardisation|classification without native 10-m vector wind
ScenarioMIP,MOHC,UKESM1-0-LL,ssp245,r8i1p1f2,False,False,pressure_circulation_without_mslp,6hrPlevPt:ua+va,False,False,False,True,False,False,True,False,gn,201501010130,210101010000,3hr:pr|3hr:ps|6hrPlevPt:ua|6hrPlevPt:va,verified fixed-pressure ua+va or vo at 850/700/500 hPa|six-hourly-or-better psl,regional subset and common-grid standardisation|classification without native 10-m vector wind
ScenarioMIP,MOHC,UKESM1-0-LL,ssp370,r1i1p1f2,False,False,incomplete,none,False,False,False,True,False,False,True,False,gn,201501010130,210101010000,3hr:pr|3hr:ps|6hrLev:hus|6hrLev:ps|6hrLev:ta|6hrLev:ua|6hrLev:va,verified fixed-pressure ua+va or vo at 850/700/500 hPa|six-hourly-or-better psl,regional subset and common-grid standardisation|classification without native 10-m vector wind
ScenarioMIP,MOHC,UKESM1-0-LL,ssp370,r2i1p1f2,False,False,incomplete,none,False,False,False,False,False,False,True,False,gn,201501010600,210101010000,6hrLev:hus|6hrLev:ps|6hrLev:ta|6hrLev:ua|6hrLev:va,verified fixed-pressure ua+va or vo at 850/700/500 hPa|six-hourly-or-better psl,regional subset and common-grid standardisation|classification without native 10-m vector wind|precipitation diagnostics unavailable
ScenarioMIP,MOHC,UKESM1-0-LL,ssp370,r3i1p1f2,False,False,incomplete,none,False,False,False,False,False,False,True,False,gn,201501010600,210101010000,6hrLev:hus|6hrLev:ps|6hrLev:ta|6hrLev:ua|6hrLev:va,verified fixed-pressure ua+va or vo at 850/700/500 hPa|six-hourly-or-better psl,regional subset and common-grid standardisation|classification without native 10-m vector wind|precipitation diagnostics unavailable
ScenarioMIP,MOHC,UKESM1-0-LL,ssp585,r1i1p1f2,False,False,incomplete,none,False,False,False,True,False,True,True,False,gn,201501010130,210101010000,3hr:pr|3hr:ps|6hrLev:hus|6hrLev:ps|6hrLev:ta|6hrLev:ua|6hrLev:va|6hrPlevPt:hus,verified fixed-pressure ua+va or vo at 850/700/500 hPa|six-hourly-or-better psl,regional subset and common-grid standardisation|classification without native 10-m vector wind
ScenarioMIP,MOHC,UKESM1-0-LL,ssp585,r2i1p1f2,False,False,pressure_circulation_without_mslp,6hrPlevPt:ua+va,True,False,False,False,True,True,True,False,gn,201501010600,210101010000,6hrLev:hus|6hrLev:ps|6hrLev:ta|6hrLev:ua|6hrLev:va|6hrPlevPt:hus|6hrPlevPt:ta|6hrPlevPt:ua|6hrPlevPt:va|6hrPlevPt:zg,six-hourly-or-better psl,regional subset and common-grid standardisation|classification without native 10-m vector wind|precipitation diagnostics unavailable
ScenarioMIP,MOHC,UKESM1-0-LL,ssp585,r3i1p1f2,False,False,incomplete,none,False,False,False,False,False,False,True,False,gn,201501010600,210101010000,6hrLev:hus|6hrLev:ps|6hrLev:ta|6hrLev:ua|6hrLev:va,verified fixed-pressure ua+va or vo at 850/700/500 hPa|six-hourly-or-better psl,regional subset and common-grid standardisation|classification without native 10-m vector wind|precipitation diagnostics unavailable
ScenarioMIP,MPI-M,MPI-ESM1-2-LR,ssp126,r1i1p1f1,True,False,candidate_ready,6hrPlevPt:ua+va,True,True,True,True,True,False,True,True,gn,201501010130,210101010000,3hr:pr|3hr:ps|3hr:uas|3hr:vas|6hrLev:ps|6hrLev:ta|6hrLev:ua|6hrLev:va|6hrPlev:pr|6hrPlev:psl|6hrPlev:uas|6hrPlev:vas|6hrPlevPt:psl|6hrPlevPt:ta|6hrPlevPt:ua|6hrPlevPt:uas|6hrPlevPt:va|6hrPlevPt:vas|6hrPlevPt:zg,,regional subset and common-grid standardisation
ScenarioMIP,MPI-M,MPI-ESM1-2-LR,ssp126,r2i1p1f1,True,False,candidate_ready,6hrPlevPt:ua+va,True,True,True,True,True,False,True,False,gn,201501010130,210101010000,3hr:pr|3hr:ps|3hr:uas|3hr:vas|6hrLev:ps|6hrLev:ta|6hrLev:ua|6hrLev:va|6hrPlev:pr|6hrPlev:psl|6hrPlev:uas|6hrPlev:vas|6hrPlevPt:psl|6hrPlevPt:ta|6hrPlevPt:ua|6hrPlevPt:uas|6hrPlevPt:va|6hrPlevPt:vas|6hrPlevPt:zg,,regional subset and common-grid standardisation
ScenarioMIP,MPI-M,MPI-ESM1-2-LR,ssp126,r3i1p1f1,True,False,candidate_ready,6hrPlevPt:ua+va,True,True,True,True,True,False,True,False,gn,201501010130,210101010000,3hr:pr|3hr:ps|3hr:uas|3hr:vas|6hrLev:ps|6hrLev:ta|6hrLev:ua|6hrLev:va|6hrPlev:pr|6hrPlev:psl|6hrPlev:uas|6hrPlev:vas|6hrPlevPt:psl|6hrPlevPt:ta|6hrPlevPt:ua|6hrPlevPt:uas|6hrPlevPt:va|6hrPlevPt:vas|6hrPlevPt:zg,,regional subset and common-grid standardisation
ScenarioMIP,MPI-M,MPI-ESM1-2-LR,ssp245,r1i1p1f1,True,True,candidate_ready,6hrPlevPt:ua+va,True,True,True,True,True,True,True,True,gn,201501010130,210101010000,3hr:pr|3hr:ps|3hr:uas|3hr:vas|6hrLev:hus|6hrLev:ps|6hrLev:ta|6hrLev:ua|6hrLev:va|6hrPlev:pr|6hrPlev:psl|6hrPlev:uas|6hrPlev:vas|6hrPlevPt:hus|6hrPlevPt:psl|6hrPlevPt:ta|6hrPlevPt:ua|6hrPlevPt:uas|6hrPlevPt:va|6hrPlevPt:vas|6hrPlevPt:zg,,regional subset and common-grid standardisation
ScenarioMIP,MPI-M,MPI-ESM1-2-LR,ssp245,r2i1p1f1,True,True,candidate_ready,6hrPlevPt:ua+va,True,True,True,True,True,True,True,False,gn,201501010130,210101010000,3hr:pr|3hr:ps|3hr:uas|3hr:vas|6hrLev:hus|6hrLev:ps|6hrLev:ta|6hrLev:ua|6hrLev:va|6hrPlev:pr|6hrPlev:psl|6hrPlev:uas|6hrPlev:vas|6hrPlevPt:hus|6hrPlevPt:psl|6hrPlevPt:ta|6hrPlevPt:ua|6hrPlevPt:uas|6hrPlevPt:va|6hrPlevPt:vas|6hrPlevPt:zg,,regional subset and common-grid standardisation
ScenarioMIP,MPI-M,MPI-ESM1-2-LR,ssp245,r3i1p1f1,True,True,candidate_ready,6hrPlevPt:ua+va,True,True,True,True,True,True,True,False,gn,201501010130,210101010000,3hr:pr|3hr:ps|3hr:uas|3hr:vas|6hrLev:hus|6hrLev:ps|6hrLev:ta|6hrLev:ua|6hrLev:va|6hrPlev:pr|6hrPlev:psl|6hrPlev:uas|6hrPlev:vas|6hrPlevPt:hus|6hrPlevPt:psl|6hrPlevPt:ta|6hrPlevPt:ua|6hrPlevPt:uas|6hrPlevPt:va|6hrPlevPt:vas|6hrPlevPt:zg,,regional subset and common-grid standardisation
ScenarioMIP,MPI-M,MPI-ESM1-2-LR,ssp370,r1i1p1f1,True,False,candidate_ready,6hrPlevPt:ua+va,True,True,True,True,True,False,True,True,gn,201501010130,210101010000,3hr:pr|3hr:ps|3hr:uas|3hr:vas|6hrLev:ps|6hrLev:ta|6hrLev:ua|6hrLev:va|6hrPlev:pr|6hrPlev:psl|6hrPlev:uas|6hrPlev:vas|6hrPlevPt:psl|6hrPlevPt:ta|6hrPlevPt:ua|6hrPlevPt:uas|6hrPlevPt:va|6hrPlevPt:vas|6hrPlevPt:zg,,regional subset and common-grid standardisation
ScenarioMIP,MPI-M,MPI-ESM1-2-LR,ssp370,r2i1p1f1,True,False,candidate_ready,6hrPlevPt:ua+va,True,True,True,True,True,False,True,False,gn,201501010130,210101010000,3hr:pr|3hr:ps|3hr:uas|3hr:vas|6hrLev:ps|6hrLev:ta|6hrLev:ua|6hrLev:va|6hrPlev:pr|6hrPlev:psl|6hrPlev:uas|6hrPlev:vas|6hrPlevPt:psl|6hrPlevPt:ta|6hrPlevPt:ua|6hrPlevPt:uas|6hrPlevPt:va|6hrPlevPt:vas|6hrPlevPt:zg,,regional subset and common-grid standardisation
ScenarioMIP,MPI-M,MPI-ESM1-2-LR,ssp370,r3i1p1f1,True,False,candidate_ready,6hrPlevPt:ua+va,True,True,True,True,True,False,True,False,gn,201501010130,210101010000,3hr:pr|3hr:ps|3hr:uas|3hr:vas|6hrLev:ps|6hrLev:ta|6hrLev:ua|6hrLev:va|6hrPlev:pr|6hrPlev:psl|6hrPlev:uas|6hrPlev:vas|6hrPlevPt:psl|6hrPlevPt:ta|6hrPlevPt:ua|6hrPlevPt:uas|6hrPlevPt:va|6hrPlevPt:vas|6hrPlevPt:zg,,regional subset and common-grid standardisation
ScenarioMIP,MPI-M,MPI-ESM1-2-LR,ssp585,r1i1p1f1,True,False,candidate_ready,6hrPlevPt:ua+va,True,True,True,True,True,False,True,True,gn,201501010130,210101010000,3hr:pr|3hr:ps|3hr:uas|3hr:vas|6hrLev:ps|6hrLev:ta|6hrLev:ua|6hrLev:va|6hrPlev:pr|6hrPlev:psl|6hrPlev:uas|6hrPlev:vas|6hrPlevPt:psl|6hrPlevPt:ta|6hrPlevPt:ua|6hrPlevPt:uas|6hrPlevPt:va|6hrPlevPt:vas|6hrPlevPt:zg,,regional subset and common-grid standardisation
ScenarioMIP,MPI-M,MPI-ESM1-2-LR,ssp585,r2i1p1f1,True,False,candidate_ready,6hrPlevPt:ua+va,True,True,True,True,True,False,True,False,gn,201501010130,210101010000,3hr:pr|3hr:ps|3hr:uas|3hr:vas|6hrLev:ps|6hrLev:ta|6hrLev:ua|6hrLev:va|6hrPlev:pr|6hrPlev:psl|6hrPlev:uas|6hrPlev:vas|6hrPlevPt:psl|6hrPlevPt:ta|6hrPlevPt:ua|6hrPlevPt:uas|6hrPlevPt:va|6hrPlevPt:vas|6hrPlevPt:zg,,regional subset and common-grid standardisation
ScenarioMIP,MPI-M,MPI-ESM1-2-LR,ssp585,r3i1p1f1,True,False,candidate_ready,6hrPlevPt:ua+va,True,True,True,True,True,False,True,False,gn,201501010130,210101010000,3hr:pr|3hr:ps|3hr:uas|3hr:vas|6hrLev:ps|6hrLev:ta|6hrLev:ua|6hrLev:va|6hrPlev:pr|6hrPlev:psl|6hrPlev:uas|6hrPlev:vas|6hrPlevPt:psl|6hrPlevPt:ta|6hrPlevPt:ua|6hrPlevPt:uas|6hrPlevPt:va|6hrPlevPt:vas|6hrPlevPt:zg,,regional subset and common-grid standardisation
ScenarioMIP,MRI,MRI-ESM2-0,ssp119,r1i1p1f1,True,False,candidate_ready,6hrPlevPt:ua+va,True,True,True,True,True,False,True,True,gn,201501010000,210012312230,3hr:pr|3hr:ps|3hr:uas|3hr:vas|6hrPlevPt:psl|6hrPlevPt:ta|6hrPlevPt:ua|6hrPlevPt:va|6hrPlevPt:zg,,regional subset and common-grid standardisation
ScenarioMIP,MRI,MRI-ESM2-0,ssp126,r1i1p1f1,True,False,candidate_ready,6hrPlevPt:ua+va,True,True,True,True,True,False,True,True,gn,201501010000,230012312230,3hr:pr|3hr:ps|3hr:uas|3hr:vas|6hrLev:ps|6hrLev:ta|6hrLev:ua|6hrLev:va|6hrPlevPt:psl|6hrPlevPt:ta|6hrPlevPt:ua|6hrPlevPt:va|6hrPlevPt:zg,,regional subset and common-grid standardisation
ScenarioMIP,MRI,MRI-ESM2-0,ssp245,r1i1p1f1,True,True,candidate_ready,6hrPlevPt:ua+va,True,True,True,True,True,True,True,True,gn,201501010000,210012312230,3hr:pr|3hr:ps|3hr:uas|3hr:vas|6hrPlev:hus|6hrPlevPt:hus|6hrPlevPt:psl|6hrPlevPt:ta|6hrPlevPt:ua|6hrPlevPt:va|6hrPlevPt:zg,,regional subset and common-grid standardisation
ScenarioMIP,MRI,MRI-ESM2-0,ssp370,r1i1p1f1,True,False,candidate_ready,6hrPlevPt:ua+va,True,True,True,True,True,False,True,True,gn,201501010000,210012312230,3hr:pr|3hr:ps|3hr:uas|3hr:vas|6hrPlevPt:psl|6hrPlevPt:ta|6hrPlevPt:ua|6hrPlevPt:va|6hrPlevPt:zg,,regional subset and common-grid standardisation
ScenarioMIP,MRI,MRI-ESM2-0,ssp370,r2i1p1f1,True,False,candidate_ready,6hrPlevPt:ua+va,True,True,True,False,True,False,True,False,gn,201501010000,210012312100,3hr:ps|3hr:uas|3hr:vas|6hrPlevPt:psl|6hrPlevPt:ta|6hrPlevPt:ua|6hrPlevPt:va|6hrPlevPt:zg,,regional subset and common-grid standardisation|precipitation diagnostics unavailable
ScenarioMIP,MRI,MRI-ESM2-0,ssp370,r3i1p1f1,True,False,candidate_ready,6hrPlevPt:ua+va,True,True,True,True,True,False,True,False,gn,201501010000,210012312230,3hr:pr|3hr:ps|3hr:uas|3hr:vas|6hrPlevPt:psl|6hrPlevPt:ta|6hrPlevPt:ua|6hrPlevPt:va|6hrPlevPt:zg,,regional subset and common-grid standardisation
ScenarioMIP,MRI,MRI-ESM2-0,ssp370,r4i1p1f1,False,False,pressure_circulation_without_mslp,6hrPlevPt:ua+va,True,False,False,False,False,False,False,False,gn,201501010000,210012311800,6hrPlevPt:ua|6hrPlevPt:va|6hrPlevPt:zg,six-hourly-or-better psl,regional subset and common-grid standardisation|classification without native 10-m vector wind|precipitation diagnostics unavailable
ScenarioMIP,MRI,MRI-ESM2-0,ssp370,r5i1p1f1,False,False,pressure_circulation_without_mslp,6hrPlevPt:ua+va,True,False,False,False,False,False,True,False,gn,201501010000,210012312100,3hr:ps|6hrPlevPt:ua|6hrPlevPt:va|6hrPlevPt:zg,six-hourly-or-better psl,regional subset and common-grid standardisation|classification without native 10-m vector wind|precipitation diagnostics unavailable
ScenarioMIP,MRI,MRI-ESM2-0,ssp434,r1i1p1f1,True,False,candidate_ready,6hrPlevPt:ua+va,True,True,True,True,True,False,True,True,gn,201501010000,210012312230,3hr:pr|3hr:ps|3hr:uas|3hr:vas|6hrPlevPt:psl|6hrPlevPt:ta|6hrPlevPt:ua|6hrPlevPt:va|6hrPlevPt:zg,,regional subset and common-grid standardisation
ScenarioMIP,MRI,MRI-ESM2-0,ssp460,r1i1p1f1,True,False,candidate_ready,6hrPlevPt:ua+va,True,True,True,True,True,False,True,True,gn,201501010000,210012312230,3hr:pr|3hr:ps|3hr:uas|3hr:vas|6hrPlevPt:psl|6hrPlevPt:ta|6hrPlevPt:ua|6hrPlevPt:va|6hrPlevPt:zg,,regional subset and common-grid standardisation
ScenarioMIP,MRI,MRI-ESM2-0,ssp534-over,r1i1p1f1,True,False,candidate_ready,6hrPlevPt:ua+va,True,True,True,True,True,False,True,True,gn,204001010000,230012312230,3hr:pr|3hr:ps|3hr:uas|3hr:vas|6hrPlevPt:psl|6hrPlevPt:ta|6hrPlevPt:ua|6hrPlevPt:va|6hrPlevPt:zg,,regional subset and common-grid standardisation
ScenarioMIP,MRI,MRI-ESM2-0,ssp585,r1i1p1f1,True,False,candidate_ready,6hrPlevPt:ua+va,True,True,True,True,True,False,True,True,gn,201501010000,230012312230,3hr:pr|3hr:ps|3hr:uas|3hr:vas|6hrLev:ps|6hrLev:ta|6hrLev:va|6hrPlevPt:psl|6hrPlevPt:ta|6hrPlevPt:ua|6hrPlevPt:va|6hrPlevPt:zg,,regional subset and common-grid standardisation
ScenarioMIP,NCAR,CESM2-WACCM,ssp126,r1i1p1f1,False,False,incomplete,none,False,True,False,False,False,False,False,False,gn,210101010000,230001010000,6hrPlev:psl|6hrPlevPt:psl,verified fixed-pressure ua+va or vo at 850/700/500 hPa,regional subset and common-grid standardisation|classification without native 10-m vector wind|precipitation diagnostics unavailable
ScenarioMIP,NCAR,CESM2-WACCM,ssp534-over,r1i1p1f1,False,False,incomplete,none,False,True,False,False,False,False,False,False,gn,210101010000,230001010000,6hrPlev:psl,verified fixed-pressure ua+va or vo at 850/700/500 hPa,regional subset and common-grid standardisation|classification without native 10-m vector wind|precipitation diagnostics unavailable
ScenarioMIP,NCAR,CESM2-WACCM,ssp585,r1i1p1f1,False,False,incomplete,none,False,True,False,False,False,False,False,False,gn,210101010000,230001010000,6hrPlev:psl|6hrPlevPt:psl,verified fixed-pressure ua+va or vo at 850/700/500 hPa,regional subset and common-grid standardisation|classification without native 10-m vector wind|precipitation diagnostics unavailable
ScenarioMIP,NCC,NorESM2-LM,ssp126,r1i1p1f1,False,False,candidate_fields_present_levels_unverified,6hrPlevPt:ua+va,False,True,False,True,True,False,True,False,gn,201501010000,210101010000,6hrLev:ps|6hrLev:ta|6hrLev:ua|6hrLev:va|6hrPlev:pr|6hrPlev:psl|6hrPlevPt:psl|6hrPlevPt:ta|6hrPlevPt:ua|6hrPlevPt:va|6hrPlevPt:zg,verified fixed-pressure ua+va or vo at 850/700/500 hPa,regional subset and common-grid standardisation|classification without native 10-m vector wind
ScenarioMIP,NCC,NorESM2-LM,ssp245,r1i1p1f1,False,False,candidate_fields_present_levels_unverified,6hrPlevPt:ua+va,False,True,False,True,True,True,True,False,gn,201501010000,210101010000,6hrLev:hus|6hrLev:ps|6hrLev:ta|6hrLev:ua|6hrLev:va|6hrPlev:hus|6hrPlev:pr|6hrPlev:psl|6hrPlevPt:hus|6hrPlevPt:psl|6hrPlevPt:ta|6hrPlevPt:ua|6hrPlevPt:va|6hrPlevPt:zg,verified fixed-pressure ua+va or vo at 850/700/500 hPa,regional subset and common-grid standardisation|classification without native 10-m vector wind
ScenarioMIP,NCC,NorESM2-LM,ssp245,r2i1p1f1,False,False,candidate_fields_present_levels_unverified,6hrPlevPt:ua+va,False,True,False,False,True,True,True,False,gn,201501010000,210101010000,6hrLev:hus|6hrLev:ps|6hrLev:ta|6hrLev:ua|6hrLev:va|6hrPlevPt:hus|6hrPlevPt:psl|6hrPlevPt:ta|6hrPlevPt:ua|6hrPlevPt:va|6hrPlevPt:zg,verified fixed-pressure ua+va or vo at 850/700/500 hPa,regional subset and common-grid standardisation|classification without native 10-m vector wind|precipitation diagnostics unavailable
ScenarioMIP,NCC,NorESM2-LM,ssp245,r3i1p1f1,False,False,candidate_fields_present_levels_unverified,6hrPlevPt:ua+va,False,True,False,False,True,True,True,False,gn,201501010000,210101010000,6hrLev:hus|6hrLev:ps|6hrLev:ta|6hrLev:ua|6hrLev:va|6hrPlevPt:hus|6hrPlevPt:psl|6hrPlevPt:ta|6hrPlevPt:ua|6hrPlevPt:va|6hrPlevPt:zg,verified fixed-pressure ua+va or vo at 850/700/500 hPa,regional subset and common-grid standardisation|classification without native 10-m vector wind|precipitation diagnostics unavailable
ScenarioMIP,NCC,NorESM2-LM,ssp370,r1i1p1f1,False,False,candidate_fields_present_levels_unverified,6hrPlevPt:ua+va,False,True,False,True,True,False,True,False,gn,201501010000,210101010000,6hrLev:ps|6hrLev:ta|6hrLev:ua|6hrLev:va|6hrPlev:pr|6hrPlev:psl|6hrPlevPt:psl|6hrPlevPt:ta|6hrPlevPt:ua|6hrPlevPt:va|6hrPlevPt:zg,verified fixed-pressure ua+va or vo at 850/700/500 hPa,regional subset and common-grid standardisation|classification without native 10-m vector wind
ScenarioMIP,NCC,NorESM2-LM,ssp585,r1i1p1f1,False,False,candidate_fields_present_levels_unverified,6hrPlevPt:ua+va,False,True,False,True,True,False,True,False,gn,201501010000,210101010000,6hrLev:ps|6hrLev:ta|6hrLev:ua|6hrLev:va|6hrPlev:pr|6hrPlev:psl|6hrPlevPt:psl|6hrPlevPt:ta|6hrPlevPt:ua|6hrPlevPt:va|6hrPlevPt:zg,verified fixed-pressure ua+va or vo at 850/700/500 hPa,regional subset and common-grid standardisation|classification without native 10-m vector wind
ScenarioMIP,NCC,NorESM2-MM,ssp126,r1i1p1f1,False,False,candidate_fields_present_levels_unverified,6hrPlevPt:ua+va,False,True,False,True,True,False,True,False,gn,201501010000,210101010000,6hrLev:ps|6hrLev:ta|6hrLev:ua|6hrLev:va|6hrPlev:pr|6hrPlev:psl|6hrPlevPt:psl|6hrPlevPt:ta|6hrPlevPt:ua|6hrPlevPt:va|6hrPlevPt:zg,verified fixed-pressure ua+va or vo at 850/700/500 hPa,regional subset and common-grid standardisation|classification without native 10-m vector wind
ScenarioMIP,NCC,NorESM2-MM,ssp245,r1i1p1f1,False,False,candidate_fields_present_levels_unverified,6hrPlevPt:ua+va,False,True,False,True,True,True,True,False,gn,201501010000,210101010000,6hrLev:hus|6hrLev:ps|6hrLev:ta|6hrLev:ua|6hrLev:va|6hrPlev:pr|6hrPlev:psl|6hrPlevPt:hus|6hrPlevPt:psl|6hrPlevPt:ta|6hrPlevPt:ua|6hrPlevPt:va|6hrPlevPt:zg,verified fixed-pressure ua+va or vo at 850/700/500 hPa,regional subset and common-grid standardisation|classification without native 10-m vector wind
ScenarioMIP,NCC,NorESM2-MM,ssp370,r1i1p1f1,False,False,candidate_fields_present_levels_unverified,6hrPlevPt:ua+va,False,True,False,True,True,False,True,False,gn,201501010000,210101010000,6hrLev:ps|6hrLev:ta|6hrLev:ua|6hrLev:va|6hrPlev:pr|6hrPlev:psl|6hrPlevPt:psl|6hrPlevPt:ta|6hrPlevPt:ua|6hrPlevPt:va|6hrPlevPt:zg,verified fixed-pressure ua+va or vo at 850/700/500 hPa,regional subset and common-grid standardisation|classification without native 10-m vector wind
ScenarioMIP,NIMS-KMA,KACE-1-0-G,ssp245,r1i1p1f1,False,False,candidate_fields_present_levels_unverified,6hrPlevPt:ua+va,False,True,True,True,True,False,True,False,gr,201501010130,210012302230,3hr:pr|3hr:ps|3hr:uas|3hr:vas|6hrPlevPt:psl|6hrPlevPt:ta|6hrPlevPt:ua|6hrPlevPt:va,verified fixed-pressure ua+va or vo at 850/700/500 hPa,regional subset and common-grid standardisation
ScenarioMIP,NIMS-KMA,KACE-1-0-G,ssp370,r1i1p1f1,False,False,candidate_fields_present_levels_unverified,6hrPlevPt:ua+va,False,True,True,True,True,False,True,False,gr,205101010300,210012302230,3hr:pr|3hr:ps|3hr:uas|3hr:vas|6hrPlevPt:psl|6hrPlevPt:ta|6hrPlevPt:ua|6hrPlevPt:va,verified fixed-pressure ua+va or vo at 850/700/500 hPa,regional subset and common-grid standardisation
ScenarioMIP,NIMS-KMA,KACE-1-0-G,ssp370,r2i1p1f1,False,False,candidate_fields_present_levels_unverified,6hrPlevPt:ua+va,False,True,True,True,True,False,True,False,gr,201501010300,210012302100,3hr:pr|3hr:ps|3hr:uas|3hr:vas|6hrPlevPt:psl|6hrPlevPt:ta|6hrPlevPt:ua|6hrPlevPt:va,verified fixed-pressure ua+va or vo at 850/700/500 hPa,regional subset and common-grid standardisation
ScenarioMIP,NIMS-KMA,KACE-1-0-G,ssp370,r3i1p1f1,False,False,candidate_fields_present_levels_unverified,6hrPlevPt:ua+va,False,True,True,True,True,False,True,False,gr,204501010130,210012302100,3hr:pr|3hr:ps|3hr:uas|3hr:vas|6hrPlevPt:psl|6hrPlevPt:ta|6hrPlevPt:ua|6hrPlevPt:va,verified fixed-pressure ua+va or vo at 850/700/500 hPa,regional subset and common-grid standardisation
ScenarioMIP,NIMS-KMA,KACE-1-0-G,ssp585,r1i1p1f1,False,False,incomplete,none,False,False,False,True,False,False,True,False,gr,209501010130,210012302230,3hr:pr|3hr:ps,verified fixed-pressure ua+va or vo at 850/700/500 hPa|six-hourly-or-better psl,regional subset and common-grid standardisation|classification without native 10-m vector wind
ScenarioMIP,NIMS-KMA,UKESM1-0-LL,ssp370,r13i1p1f2,False,False,incomplete,none,False,False,False,False,False,False,True,False,gn,201501010300,210001010000,3hr:ps,verified fixed-pressure ua+va or vo at 850/700/500 hPa|six-hourly-or-better psl,regional subset and common-grid standardisation|classification without native 10-m vector wind|precipitation diagnostics unavailable
ScenarioMIP,NIMS-KMA,UKESM1-0-LL,ssp585,r13i1p1f2,False,False,incomplete,none,False,False,False,True,False,False,True,False,gn,201501010130,209912302230,3hr:pr|3hr:ps,verified fixed-pressure ua+va or vo at 850/700/500 hPa|six-hourly-or-better psl,regional subset and common-grid standardisation|classification without native 10-m vector wind
ScenarioMIP,NOAA-GFDL,GFDL-ESM4,ssp119,r1i1p1f1,False,False,incomplete,none,False,False,True,True,False,False,False,False,gr1,201501010130,210101010000,3hr:pr|3hr:uas|3hr:vas,verified fixed-pressure ua+va or vo at 850/700/500 hPa|six-hourly-or-better psl,regional subset and common-grid standardisation
ScenarioMIP,NOAA-GFDL,GFDL-ESM4,ssp126,r1i1p1f1,False,False,incomplete,none,False,False,True,True,False,False,False,False,gr1,201501010130,210101010000,3hr:pr|3hr:uas|3hr:vas,verified fixed-pressure ua+va or vo at 850/700/500 hPa|six-hourly-or-better psl,regional subset and common-grid standardisation
ScenarioMIP,NOAA-GFDL,GFDL-ESM4,ssp245,r1i1p1f1,False,False,incomplete,none,False,False,True,True,False,False,False,False,gr1,201501010130,210101010000,3hr:pr|3hr:uas|3hr:vas,verified fixed-pressure ua+va or vo at 850/700/500 hPa|six-hourly-or-better psl,regional subset and common-grid standardisation
ScenarioMIP,NOAA-GFDL,GFDL-ESM4,ssp370,r1i1p1f1,False,False,incomplete,none,False,False,True,True,False,False,False,False,gr1,201501010130,210101010000,3hr:pr|3hr:uas|3hr:vas,verified fixed-pressure ua+va or vo at 850/700/500 hPa|six-hourly-or-better psl,regional subset and common-grid standardisation
ScenarioMIP,NOAA-GFDL,GFDL-ESM4,ssp585,r1i1p1f1,False,False,incomplete,none,False,False,True,True,False,False,False,False,gr1,201501010130,210101010000,3hr:pr|3hr:uas|3hr:vas,verified fixed-pressure ua+va or vo at 850/700/500 hPa|six-hourly-or-better psl,regional subset and common-grid standardisation
ScenarioMIP,NUIST,NESM3,ssp126,r1i1p1f1,False,False,candidate_fields_present_levels_unverified,6hrPlevPt:ua+va,False,True,True,True,True,False,True,False,gn,201501010130,210012312230,3hr:pr|3hr:ps|3hr:uas|3hr:vas|6hrLev:ps|6hrLev:ua|6hrLev:va|6hrPlevPt:psl|6hrPlevPt:ta|6hrPlevPt:ua|6hrPlevPt:va,verified fixed-pressure ua+va or vo at 850/700/500 hPa,regional subset and common-grid standardisation
ScenarioMIP,NUIST,NESM3,ssp126,r2i1p1f1,False,False,candidate_fields_present_levels_unverified,6hrPlevPt:ua+va,False,True,True,True,True,False,True,False,gn,201501010130,210012312230,3hr:pr|3hr:ps|3hr:uas|3hr:vas|6hrLev:ps|6hrLev:ta|6hrLev:ua|6hrLev:va|6hrPlevPt:psl|6hrPlevPt:ta|6hrPlevPt:ua|6hrPlevPt:va,verified fixed-pressure ua+va or vo at 850/700/500 hPa,regional subset and common-grid standardisation
ScenarioMIP,NUIST,NESM3,ssp245,r1i1p1f1,False,False,candidate_fields_present_levels_unverified,6hrPlevPt:ua+va,False,True,True,True,True,False,True,False,gn,207601010130,210012312230,3hr:pr|3hr:ps|3hr:uas|3hr:vas|6hrLev:hus|6hrLev:ps|6hrLev:ta|6hrLev:ua|6hrLev:va|6hrPlevPt:psl|6hrPlevPt:ta|6hrPlevPt:ua|6hrPlevPt:va,verified fixed-pressure ua+va or vo at 850/700/500 hPa,regional subset and common-grid standardisation
ScenarioMIP,NUIST,NESM3,ssp245,r2i1p1f1,False,False,candidate_fields_present_levels_unverified,6hrPlevPt:ua+va,False,True,True,True,True,False,True,False,gn,201501010130,210012312230,3hr:pr|3hr:ps|3hr:uas|3hr:vas|6hrLev:hus|6hrLev:ps|6hrLev:ta|6hrLev:ua|6hrLev:va|6hrPlevPt:psl|6hrPlevPt:ta|6hrPlevPt:ua|6hrPlevPt:va,verified fixed-pressure ua+va or vo at 850/700/500 hPa,regional subset and common-grid standardisation
ScenarioMIP,NUIST,NESM3,ssp585,r1i1p1f1,False,False,candidate_fields_present_levels_unverified,6hrPlevPt:ua+va,False,True,True,True,True,False,True,False,gn,201501010130,210012312230,3hr:pr|3hr:ps|3hr:uas|3hr:vas|6hrLev:ps|6hrLev:ta|6hrLev:ua|6hrLev:va|6hrPlevPt:psl|6hrPlevPt:ta|6hrPlevPt:ua|6hrPlevPt:va,verified fixed-pressure ua+va or vo at 850/700/500 hPa,regional subset and common-grid standardisation
ScenarioMIP,NUIST,NESM3,ssp585,r2i1p1f1,False,False,incomplete,none,False,True,True,True,True,False,True,False,gn,201501010130,210012312230,3hr:pr|3hr:ps|3hr:uas|3hr:vas|6hrLev:ps|6hrLev:ta|6hrLev:va|6hrPlevPt:psl|6hrPlevPt:ta|6hrPlevPt:ua,verified fixed-pressure ua+va or vo at 850/700/500 hPa,regional subset and common-grid standardisation
